Decoded word,Matching dictionary words
hbbahhbapdabaaapabbab,abba
hbbahhbapdabaaapabbf
hbbahhbapdabaaapabeb
hbbahhbapdabaaapabv
hbbahhbapdabaaapajab
hbbahhbapdabaaapajf
hbbahhbapdabaaapaub
hbbahhbapdabaaapfbab
hbbahhbapdabaaapfbf
hbbahhbapdabaaapfeb
hbbahhbapdabaaapfv
hbbahhbapdabaaapzab
hbbahhbapdabaaapzf
hbbahhbapdabacpabbab,abac abba
hbbahhbapdabacpabbf,abac
hbbahhbapdabacpabeb,abac
hbbahhbapdabacpabv,abac
hbbahhbapdabacpajab,abac
hbbahhbapdabacpajf,abac
hbbahhbapdabacpaub,abac
hbbahhbapdabacpfbab,abac
hbbahhbapdabacpfbf,abac
hbbahhbapdabacpfeb,abac
hbbahhbapdabacpfv,abac
hbbahhbapdabacpzab,abac
hbbahhbapdabacpzf,abac
hbbahhbapdabcapabbab,abba
hbbahhbapdabcapabbf
hbbahhbapdabcapabeb
hbbahhbapdabcapabv
hbbahhbapdabcapajab
hbbahhbapdabcapajf
hbbahhbapdabcapaub
hbbahhbapdabcapfbab
hbbahhbapdabcapfbf
hbbahhbapdabcapfeb
hbbahhbapdabcapfv
hbbahhbapdabcapzab
hbbahhbapdabcapzf
hbbahhbapdabgpabbab,abba
hbbahhbapdabgpabbf
hbbahhbapdabgpabeb
hbbahhbapdabgpabv
hbbahhbapdabgpajab
hbbahhbapdabgpajf
hbbahhbapdabgpaub
hbbahhbapdabgpfbab
hbbahhbapdabgpfbf
hbbahhbapdabgpfeb
hbbahhbapdabgpfv
hbbahhbapdabgpzab
hbbahhbapdabgpzf
hbbahhbapdaeaapabbab,abba
hbbahhbapdaeaapabbf
hbbahhbapdaeaapabeb
hbbahhbapdaeaapabv
hbbahhbapdaeaapajab
hbbahhbapdaeaapajf
hbbahhbapdaeaapaub
hbbahhbapdaeaapfbab
hbbahhbapdaeaapfbf
hbbahhbapdaeaapfeb
hbbahhbapdaeaapfv
hbbahhbapdaeaapzab
hbbahhbapdaeaapzf
hbbahhbapdaecpabbab,abba
hbbahhbapdaecpabbf
hbbahhbapdaecpabeb
hbbahhbapdaecpabv
hbbahhbapdaecpajab
hbbahhbapdaecpajf
hbbahhbapdaecpaub
hbbahhbapdaecpfbab
hbbahhbapdaecpfbf
hbbahhbapdaecpfeb
hbbahhbapdaecpfv
hbbahhbapdaecpzab
hbbahhbapdaecpzf
hbbahhbapdakapabbab,abba kapa
hbbahhbapdakapabbf,kapa
hbbahhbapdakapabeb,kapa
hbbahhbapdakapabv,kapa
hbbahhbapdakapajab,kapa
hbbahhbapdakapajf,kapa
hbbahhbapdakapaub,kapa
hbbahhbapdakapfbab
hbbahhbapdakapfbf
hbbahhbapdakapfeb
hbbahhbapdakapfv
hbbahhbapdakapzab
hbbahhbapdakapzf
hbbahhbapdawpabbab,abba
hbbahhbapdawpabbf
hbbahhbapdawpabeb
hbbahhbapdawpabv
hbbahhbapdawpajab
hbbahhbapdawpajf
hbbahhbapdawpaub
hbbahhbapdawpfbab
hbbahhbapdawpfbf
hbbahhbapdawpfeb
hbbahhbapdawpfv
hbbahhbapdawpzab
hbbahhbapdawpzf
hbbahhbapdfaaapabbab,abba
hbbahhbapdfaaapabbf
hbbahhbapdfaaapabeb
hbbahhbapdfaaapabv
hbbahhbapdfaaapajab
hbbahhbapdfaaapajf
hbbahhbapdfaaapaub
hbbahhbapdfaaapfbab
hbbahhbapdfaaapfbf
hbbahhbapdfaaapfeb
hbbahhbapdfaaapfv
hbbahhbapdfaaapzab
hbbahhbapdfaaapzf
hbbahhbapdfacpabbab,abba
hbbahhbapdfacpabbf
hbbahhbapdfacpabeb
hbbahhbapdfacpabv
hbbahhbapdfacpajab
hbbahhbapdfacpajf
hbbahhbapdfacpaub
hbbahhbapdfacpfbab
hbbahhbapdfacpfbf
hbbahhbapdfacpfeb
hbbahhbapdfacpfv
hbbahhbapdfacpzab
hbbahhbapdfacpzf
hbbahhbapdfcapabbab,abba
hbbahhbapdfcapabbf
hbbahhbapdfcapabeb
hbbahhbapdfcapabv
hbbahhbapdfcapajab
hbbahhbapdfcapajf
hbbahhbapdfcapaub
hbbahhbapdfcapfbab
hbbahhbapdfcapfbf
hbbahhbapdfcapfeb
hbbahhbapdfcapfv
hbbahhbapdfcapzab
hbbahhbapdfcapzf
hbbahhbapdfgpabbab,abba
hbbahhbapdfgpabbf
hbbahhbapdfgpabeb
hbbahhbapdfgpabv
hbbahhbapdfgpajab
hbbahhbapdfgpajf
hbbahhbapdfgpaub
hbbahhbapdfgpfbab
hbbahhbapdfgpfbf
hbbahhbapdfgpfeb
hbbahhbapdfgpfv
hbbahhbapdfgpzab
hbbahhbapdfgpzf
hbbahhbapdmaapabbab,abba
hbbahhbapdmaapabbf
hbbahhbapdmaapabeb
hbbahhbapdmaapabv
hbbahhbapdmaapajab
hbbahhbapdmaapajf
hbbahhbapdmaapaub
hbbahhbapdmaapfbab
hbbahhbapdmaapfbf
hbbahhbapdmaapfeb
hbbahhbapdmaapfv
hbbahhbapdmaapzab
hbbahhbapdmaapzf
hbbahhbapdmcpabbab,abba
hbbahhbapdmcpabbf
hbbahhbapdmcpabeb
hbbahhbapdmcpabv
hbbahhbapdmcpajab
hbbahhbapdmcpajf
hbbahhbapdmcpaub
hbbahhbapdmcpfbab
hbbahhbapdmcpfbf
hbbahhbapdmcpfeb
hbbahhbapdmcpfv
hbbahhbapdmcpzab
hbbahhbapdmcpzf
hbbahhbapibaaapabbab,abba
hbbahhbapibaaapabbf
hbbahhbapibaaapabeb
hbbahhbapibaaapabv
hbbahhbapibaaapajab
hbbahhbapibaaapajf
hbbahhbapibaaapaub
hbbahhbapibaaapfbab
hbbahhbapibaaapfbf
hbbahhbapibaaapfeb
hbbahhbapibaaapfv
hbbahhbapibaaapzab
hbbahhbapibaaapzf
hbbahhbapibacpabbab,abba
hbbahhbapibacpabbf
hbbahhbapibacpabeb
hbbahhbapibacpabv
hbbahhbapibacpajab
hbbahhbapibacpajf
hbbahhbapibacpaub
hbbahhbapibacpfbab
hbbahhbapibacpfbf
hbbahhbapibacpfeb
hbbahhbapibacpfv
hbbahhbapibacpzab
hbbahhbapibacpzf
hbbahhbapibcapabbab,abba
hbbahhbapibcapabbf
hbbahhbapibcapabeb
hbbahhbapibcapabv
hbbahhbapibcapajab
hbbahhbapibcapajf
hbbahhbapibcapaub
hbbahhbapibcapfbab
hbbahhbapibcapfbf
hbbahhbapibcapfeb
hbbahhbapibcapfv
hbbahhbapibcapzab
hbbahhbapibcapzf
hbbahhbapibgpabbab,abba
hbbahhbapibgpabbf
hbbahhbapibgpabeb
hbbahhbapibgpabv
hbbahhbapibgpajab
hbbahhbapibgpajf
hbbahhbapibgpaub
hbbahhbapibgpfbab
hbbahhbapibgpfbf
hbbahhbapibgpfeb
hbbahhbapibgpfv
hbbahhbapibgpzab
hbbahhbapibgpzf
hbbahhbapieaapabbab,abba
hbbahhbapieaapabbf
hbbahhbapieaapabeb
hbbahhbapieaapabv
hbbahhbapieaapajab
hbbahhbapieaapajf
hbbahhbapieaapaub
hbbahhbapieaapfbab
hbbahhbapieaapfbf
hbbahhbapieaapfeb
hbbahhbapieaapfv
hbbahhbapieaapzab
hbbahhbapieaapzf
hbbahhbapiecpabbab,abba
hbbahhbapiecpabbf
hbbahhbapiecpabeb
hbbahhbapiecpabv
hbbahhbapiecpajab
hbbahhbapiecpajf
hbbahhbapiecpaub
hbbahhbapiecpfbab
hbbahhbapiecpfbf
hbbahhbapiecpfeb
hbbahhbapiecpfv
hbbahhbapiecpzab
hbbahhbapiecpzf
hbbahhbapikapabbab,abba kapa pika
hbbahhbapikapabbf,kapa pika
hbbahhbapikapabeb,kapa pika
hbbahhbapikapabv,kapa pika
hbbahhbapikapajab,kapa pika
hbbahhbapikapajf,kapa pika
hbbahhbapikapaub,kapa pika
hbbahhbapikapfbab,pika
hbbahhbapikapfbf,pika
hbbahhbapikapfeb,pika
hbbahhbapikapfv,pika
hbbahhbapikapzab,pika
hbbahhbapikapzf,pika
hbbahhbapiwpabbab,abba
hbbahhbapiwpabbf
hbbahhbapiwpabeb
hbbahhbapiwpabv
hbbahhbapiwpajab
hbbahhbapiwpajf
hbbahhbapiwpaub
hbbahhbapiwpfbab
hbbahhbapiwpfbf
hbbahhbapiwpfeb
hbbahhbapiwpfv
hbbahhbapiwpzab
hbbahhbapiwpzf
hbbahhepdabaaapabbab,abba
hbbahhepdabaaapabbf
hbbahhepdabaaapabeb
hbbahhepdabaaapabv
hbbahhepdabaaapajab
hbbahhepdabaaapajf
hbbahhepdabaaapaub
hbbahhepdabaaapfbab
hbbahhepdabaaapfbf
hbbahhepdabaaapfeb
hbbahhepdabaaapfv
hbbahhepdabaaapzab
hbbahhepdabaaapzf
hbbahhepdabacpabbab,abac abba
hbbahhepdabacpabbf,abac
hbbahhepdabacpabeb,abac
hbbahhepdabacpabv,abac
hbbahhepdabacpajab,abac
hbbahhepdabacpajf,abac
hbbahhepdabacpaub,abac
hbbahhepdabacpfbab,abac
hbbahhepdabacpfbf,abac
hbbahhepdabacpfeb,abac
hbbahhepdabacpfv,abac
hbbahhepdabacpzab,abac
hbbahhepdabacpzf,abac
hbbahhepdabcapabbab,abba
hbbahhepdabcapabbf
hbbahhepdabcapabeb
hbbahhepdabcapabv
hbbahhepdabcapajab
hbbahhepdabcapajf
hbbahhepdabcapaub
hbbahhepdabcapfbab
hbbahhepdabcapfbf
hbbahhepdabcapfeb
hbbahhepdabcapfv
hbbahhepdabcapzab
hbbahhepdabcapzf
hbbahhepdabgpabbab,abba
hbbahhepdabgpabbf
hbbahhepdabgpabeb
hbbahhepdabgpabv
hbbahhepdabgpajab
hbbahhepdabgpajf
hbbahhepdabgpaub
hbbahhepdabgpfbab
hbbahhepdabgpfbf
hbbahhepdabgpfeb
hbbahhepdabgpfv
hbbahhepdabgpzab
hbbahhepdabgpzf
hbbahhepdaeaapabbab,abba
hbbahhepdaeaapabbf
hbbahhepdaeaapabeb
hbbahhepdaeaapabv
hbbahhepdaeaapajab
hbbahhepdaeaapajf
hbbahhepdaeaapaub
hbbahhepdaeaapfbab
hbbahhepdaeaapfbf
hbbahhepdaeaapfeb
hbbahhepdaeaapfv
hbbahhepdaeaapzab
hbbahhepdaeaapzf
hbbahhepdaecpabbab,abba
hbbahhepdaecpabbf
hbbahhepdaecpabeb
hbbahhepdaecpabv
hbbahhepdaecpajab
hbbahhepdaecpajf
hbbahhepdaecpaub
hbbahhepdaecpfbab
hbbahhepdaecpfbf
hbbahhepdaecpfeb
hbbahhepdaecpfv
hbbahhepdaecpzab
hbbahhepdaecpzf
hbbahhepdakapabbab,abba kapa
hbbahhepdakapabbf,kapa
hbbahhepdakapabeb,kapa
hbbahhepdakapabv,kapa
hbbahhepdakapajab,kapa
hbbahhepdakapajf,kapa
hbbahhepdakapaub,kapa
hbbahhepdakapfbab
hbbahhepdakapfbf
hbbahhepdakapfeb
hbbahhepdakapfv
hbbahhepdakapzab
hbbahhepdakapzf
hbbahhepdawpabbab,abba
hbbahhepdawpabbf
hbbahhepdawpabeb
hbbahhepdawpabv
hbbahhepdawpajab
hbbahhepdawpajf
hbbahhepdawpaub
hbbahhepdawpfbab
hbbahhepdawpfbf
hbbahhepdawpfeb
hbbahhepdawpfv
hbbahhepdawpzab
hbbahhepdawpzf
hbbahhepdfaaapabbab,abba
hbbahhepdfaaapabbf
hbbahhepdfaaapabeb
hbbahhepdfaaapabv
hbbahhepdfaaapajab
hbbahhepdfaaapajf
hbbahhepdfaaapaub
hbbahhepdfaaapfbab
hbbahhepdfaaapfbf
hbbahhepdfaaapfeb
hbbahhepdfaaapfv
hbbahhepdfaaapzab
hbbahhepdfaaapzf
hbbahhepdfacpabbab,abba
hbbahhepdfacpabbf
hbbahhepdfacpabeb
hbbahhepdfacpabv
hbbahhepdfacpajab
hbbahhepdfacpajf
hbbahhepdfacpaub
hbbahhepdfacpfbab
hbbahhepdfacpfbf
hbbahhepdfacpfeb
hbbahhepdfacpfv
hbbahhepdfacpzab
hbbahhepdfacpzf
hbbahhepdfcapabbab,abba
hbbahhepdfcapabbf
hbbahhepdfcapabeb
hbbahhepdfcapabv
hbbahhepdfcapajab
hbbahhepdfcapajf
hbbahhepdfcapaub
hbbahhepdfcapfbab
hbbahhepdfcapfbf
hbbahhepdfcapfeb
hbbahhepdfcapfv
hbbahhepdfcapzab
hbbahhepdfcapzf
hbbahhepdfgpabbab,abba
hbbahhepdfgpabbf
hbbahhepdfgpabeb
hbbahhepdfgpabv
hbbahhepdfgpajab
hbbahhepdfgpajf
hbbahhepdfgpaub
hbbahhepdfgpfbab
hbbahhepdfgpfbf
hbbahhepdfgpfeb
hbbahhepdfgpfv
hbbahhepdfgpzab
hbbahhepdfgpzf
hbbahhepdmaapabbab,abba
hbbahhepdmaapabbf
hbbahhepdmaapabeb
hbbahhepdmaapabv
hbbahhepdmaapajab
hbbahhepdmaapajf
hbbahhepdmaapaub
hbbahhepdmaapfbab
hbbahhepdmaapfbf
hbbahhepdmaapfeb
hbbahhepdmaapfv
hbbahhepdmaapzab
hbbahhepdmaapzf
hbbahhepdmcpabbab,abba
hbbahhepdmcpabbf
hbbahhepdmcpabeb
hbbahhepdmcpabv
hbbahhepdmcpajab
hbbahhepdmcpajf
hbbahhepdmcpaub
hbbahhepdmcpfbab
hbbahhepdmcpfbf
hbbahhepdmcpfeb
hbbahhepdmcpfv
hbbahhepdmcpzab
hbbahhepdmcpzf
hbbahhepibaaapabbab,abba
hbbahhepibaaapabbf
hbbahhepibaaapabeb
hbbahhepibaaapabv
hbbahhepibaaapajab
hbbahhepibaaapajf
hbbahhepibaaapaub
hbbahhepibaaapfbab
hbbahhepibaaapfbf
hbbahhepibaaapfeb
hbbahhepibaaapfv
hbbahhepibaaapzab
hbbahhepibaaapzf
hbbahhepibacpabbab,abba
hbbahhepibacpabbf
hbbahhepibacpabeb
hbbahhepibacpabv
hbbahhepibacpajab
hbbahhepibacpajf
hbbahhepibacpaub
hbbahhepibacpfbab
hbbahhepibacpfbf
hbbahhepibacpfeb
hbbahhepibacpfv
hbbahhepibacpzab
hbbahhepibacpzf
hbbahhepibcapabbab,abba
hbbahhepibcapabbf
hbbahhepibcapabeb
hbbahhepibcapabv
hbbahhepibcapajab
hbbahhepibcapajf
hbbahhepibcapaub
hbbahhepibcapfbab
hbbahhepibcapfbf
hbbahhepibcapfeb
hbbahhepibcapfv
hbbahhepibcapzab
hbbahhepibcapzf
hbbahhepibgpabbab,abba
hbbahhepibgpabbf
hbbahhepibgpabeb
hbbahhepibgpabv
hbbahhepibgpajab
hbbahhepibgpajf
hbbahhepibgpaub
hbbahhepibgpfbab
hbbahhepibgpfbf
hbbahhepibgpfeb
hbbahhepibgpfv
hbbahhepibgpzab
hbbahhepibgpzf
hbbahhepieaapabbab,abba
hbbahhepieaapabbf
hbbahhepieaapabeb
hbbahhepieaapabv
hbbahhepieaapajab
hbbahhepieaapajf
hbbahhepieaapaub
hbbahhepieaapfbab
hbbahhepieaapfbf
hbbahhepieaapfeb
hbbahhepieaapfv
hbbahhepieaapzab
hbbahhepieaapzf
hbbahhepiecpabbab,abba
hbbahhepiecpabbf
hbbahhepiecpabeb
hbbahhepiecpabv
hbbahhepiecpajab
hbbahhepiecpajf
hbbahhepiecpaub
hbbahhepiecpfbab
hbbahhepiecpfbf
hbbahhepiecpfeb
hbbahhepiecpfv
hbbahhepiecpzab
hbbahhepiecpzf
hbbahhepikapabbab,abba kapa pika
hbbahhepikapabbf,kapa pika
hbbahhepikapabeb,kapa pika
hbbahhepikapabv,kapa pika
hbbahhepikapajab,kapa pika
hbbahhepikapajf,kapa pika
hbbahhepikapaub,kapa pika
hbbahhepikapfbab,pika
hbbahhepikapfbf,pika
hbbahhepikapfeb,pika
hbbahhepikapfv,pika
hbbahhepikapzab,pika
hbbahhepikapzf,pika
hbbahhepiwpabbab,abba
hbbahhepiwpabbf
hbbahhepiwpabeb
hbbahhepiwpabv
hbbahhepiwpajab
hbbahhepiwpajf
hbbahhepiwpaub
hbbahhepiwpfbab
hbbahhepiwpfbf
hbbahhepiwpfeb
hbbahhepiwpfv
hbbahhepiwpzab
hbbahhepiwpzf
hbbxhbapdabaaapabbab,abba
hbbxhbapdabaaapabbf
hbbxhbapdabaaapabeb
hbbxhbapdabaaapabv
hbbxhbapdabaaapajab
hbbxhbapdabaaapajf
hbbxhbapdabaaapaub
hbbxhbapdabaaapfbab
hbbxhbapdabaaapfbf
hbbxhbapdabaaapfeb
hbbxhbapdabaaapfv
hbbxhbapdabaaapzab
hbbxhbapdabaaapzf
hbbxhbapdabacpabbab,abac abba
hbbxhbapdabacpabbf,abac
hbbxhbapdabacpabeb,abac
hbbxhbapdabacpabv,abac
hbbxhbapdabacpajab,abac
hbbxhbapdabacpajf,abac
hbbxhbapdabacpaub,abac
hbbxhbapdabacpfbab,abac
hbbxhbapdabacpfbf,abac
hbbxhbapdabacpfeb,abac
hbbxhbapdabacpfv,abac
hbbxhbapdabacpzab,abac
hbbxhbapdabacpzf,abac
hbbxhbapdabcapabbab,abba
hbbxhbapdabcapabbf
hbbxhbapdabcapabeb
hbbxhbapdabcapabv
hbbxhbapdabcapajab
hbbxhbapdabcapajf
hbbxhbapdabcapaub
hbbxhbapdabcapfbab
hbbxhbapdabcapfbf
hbbxhbapdabcapfeb
hbbxhbapdabcapfv
hbbxhbapdabcapzab
hbbxhbapdabcapzf
hbbxhbapdabgpabbab,abba
hbbxhbapdabgpabbf
hbbxhbapdabgpabeb
hbbxhbapdabgpabv
hbbxhbapdabgpajab
hbbxhbapdabgpajf
hbbxhbapdabgpaub
hbbxhbapdabgpfbab
hbbxhbapdabgpfbf
hbbxhbapdabgpfeb
hbbxhbapdabgpfv
hbbxhbapdabgpzab
hbbxhbapdabgpzf
hbbxhbapdaeaapabbab,abba
hbbxhbapdaeaapabbf
hbbxhbapdaeaapabeb
hbbxhbapdaeaapabv
hbbxhbapdaeaapajab
hbbxhbapdaeaapajf
hbbxhbapdaeaapaub
hbbxhbapdaeaapfbab
hbbxhbapdaeaapfbf
hbbxhbapdaeaapfeb
hbbxhbapdaeaapfv
hbbxhbapdaeaapzab
hbbxhbapdaeaapzf
hbbxhbapdaecpabbab,abba
hbbxhbapdaecpabbf
hbbxhbapdaecpabeb
hbbxhbapdaecpabv
hbbxhbapdaecpajab
hbbxhbapdaecpajf
hbbxhbapdaecpaub
hbbxhbapdaecpfbab
hbbxhbapdaecpfbf
hbbxhbapdaecpfeb
hbbxhbapdaecpfv
hbbxhbapdaecpzab
hbbxhbapdaecpzf
hbbxhbapdakapabbab,abba kapa
hbbxhbapdakapabbf,kapa
hbbxhbapdakapabeb,kapa
hbbxhbapdakapabv,kapa
hbbxhbapdakapajab,kapa
hbbxhbapdakapajf,kapa
hbbxhbapdakapaub,kapa
hbbxhbapdakapfbab
hbbxhbapdakapfbf
hbbxhbapdakapfeb
hbbxhbapdakapfv
hbbxhbapdakapzab
hbbxhbapdakapzf
hbbxhbapdawpabbab,abba
hbbxhbapdawpabbf
hbbxhbapdawpabeb
hbbxhbapdawpabv
hbbxhbapdawpajab
hbbxhbapdawpajf
hbbxhbapdawpaub
hbbxhbapdawpfbab
hbbxhbapdawpfbf
hbbxhbapdawpfeb
hbbxhbapdawpfv
hbbxhbapdawpzab
hbbxhbapdawpzf
hbbxhbapdfaaapabbab,abba
hbbxhbapdfaaapabbf
hbbxhbapdfaaapabeb
hbbxhbapdfaaapabv
hbbxhbapdfaaapajab
hbbxhbapdfaaapajf
hbbxhbapdfaaapaub
hbbxhbapdfaaapfbab
hbbxhbapdfaaapfbf
hbbxhbapdfaaapfeb
hbbxhbapdfaaapfv
hbbxhbapdfaaapzab
hbbxhbapdfaaapzf
hbbxhbapdfacpabbab,abba
hbbxhbapdfacpabbf
hbbxhbapdfacpabeb
hbbxhbapdfacpabv
hbbxhbapdfacpajab
hbbxhbapdfacpajf
hbbxhbapdfacpaub
hbbxhbapdfacpfbab
hbbxhbapdfacpfbf
hbbxhbapdfacpfeb
hbbxhbapdfacpfv
hbbxhbapdfacpzab
hbbxhbapdfacpzf
hbbxhbapdfcapabbab,abba
hbbxhbapdfcapabbf
hbbxhbapdfcapabeb
hbbxhbapdfcapabv
hbbxhbapdfcapajab
hbbxhbapdfcapajf
hbbxhbapdfcapaub
hbbxhbapdfcapfbab
hbbxhbapdfcapfbf
hbbxhbapdfcapfeb
hbbxhbapdfcapfv
hbbxhbapdfcapzab
hbbxhbapdfcapzf
hbbxhbapdfgpabbab,abba
hbbxhbapdfgpabbf
hbbxhbapdfgpabeb
hbbxhbapdfgpabv
hbbxhbapdfgpajab
hbbxhbapdfgpajf
hbbxhbapdfgpaub
hbbxhbapdfgpfbab
hbbxhbapdfgpfbf
hbbxhbapdfgpfeb
hbbxhbapdfgpfv
hbbxhbapdfgpzab
hbbxhbapdfgpzf
hbbxhbapdmaapabbab,abba
hbbxhbapdmaapabbf
hbbxhbapdmaapabeb
hbbxhbapdmaapabv
hbbxhbapdmaapajab
hbbxhbapdmaapajf
hbbxhbapdmaapaub
hbbxhbapdmaapfbab
hbbxhbapdmaapfbf
hbbxhbapdmaapfeb
hbbxhbapdmaapfv
hbbxhbapdmaapzab
hbbxhbapdmaapzf
hbbxhbapdmcpabbab,abba
hbbxhbapdmcpabbf
hbbxhbapdmcpabeb
hbbxhbapdmcpabv
hbbxhbapdmcpajab
hbbxhbapdmcpajf
hbbxhbapdmcpaub
hbbxhbapdmcpfbab
hbbxhbapdmcpfbf
hbbxhbapdmcpfeb
hbbxhbapdmcpfv
hbbxhbapdmcpzab
hbbxhbapdmcpzf
hbbxhbapibaaapabbab,abba
hbbxhbapibaaapabbf
hbbxhbapibaaapabeb
hbbxhbapibaaapabv
hbbxhbapibaaapajab
hbbxhbapibaaapajf
hbbxhbapibaaapaub
hbbxhbapibaaapfbab
hbbxhbapibaaapfbf
hbbxhbapibaaapfeb
hbbxhbapibaaapfv
hbbxhbapibaaapzab
hbbxhbapibaaapzf
hbbxhbapibacpabbab,abba
hbbxhbapibacpabbf
hbbxhbapibacpabeb
hbbxhbapibacpabv
hbbxhbapibacpajab
hbbxhbapibacpajf
hbbxhbapibacpaub
hbbxhbapibacpfbab
hbbxhbapibacpfbf
hbbxhbapibacpfeb
hbbxhbapibacpfv
hbbxhbapibacpzab
hbbxhbapibacpzf
hbbxhbapibcapabbab,abba
hbbxhbapibcapabbf
hbbxhbapibcapabeb
hbbxhbapibcapabv
hbbxhbapibcapajab
hbbxhbapibcapajf
hbbxhbapibcapaub
hbbxhbapibcapfbab
hbbxhbapibcapfbf
hbbxhbapibcapfeb
hbbxhbapibcapfv
hbbxhbapibcapzab
hbbxhbapibcapzf
hbbxhbapibgpabbab,abba
hbbxhbapibgpabbf
hbbxhbapibgpabeb
hbbxhbapibgpabv
hbbxhbapibgpajab
hbbxhbapibgpajf
hbbxhbapibgpaub
hbbxhbapibgpfbab
hbbxhbapibgpfbf
hbbxhbapibgpfeb
hbbxhbapibgpfv
hbbxhbapibgpzab
hbbxhbapibgpzf
hbbxhbapieaapabbab,abba
hbbxhbapieaapabbf
hbbxhbapieaapabeb
hbbxhbapieaapabv
hbbxhbapieaapajab
hbbxhbapieaapajf
hbbxhbapieaapaub
hbbxhbapieaapfbab
hbbxhbapieaapfbf
hbbxhbapieaapfeb
hbbxhbapieaapfv
hbbxhbapieaapzab
hbbxhbapieaapzf
hbbxhbapiecpabbab,abba
hbbxhbapiecpabbf
hbbxhbapiecpabeb
hbbxhbapiecpabv
hbbxhbapiecpajab
hbbxhbapiecpajf
hbbxhbapiecpaub
hbbxhbapiecpfbab
hbbxhbapiecpfbf
hbbxhbapiecpfeb
hbbxhbapiecpfv
hbbxhbapiecpzab
hbbxhbapiecpzf
hbbxhbapikapabbab,abba kapa pika
hbbxhbapikapabbf,kapa pika
hbbxhbapikapabeb,kapa pika
hbbxhbapikapabv,kapa pika
hbbxhbapikapajab,kapa pika
hbbxhbapikapajf,kapa pika
hbbxhbapikapaub,kapa pika
hbbxhbapikapfbab,pika
hbbxhbapikapfbf,pika
hbbxhbapikapfeb,pika
hbbxhbapikapfv,pika
hbbxhbapikapzab,pika
hbbxhbapikapzf,pika
hbbxhbapiwpabbab,abba
hbbxhbapiwpabbf
hbbxhbapiwpabeb
hbbxhbapiwpabv
hbbxhbapiwpajab
hbbxhbapiwpajf
hbbxhbapiwpaub
hbbxhbapiwpfbab
hbbxhbapiwpfbf
hbbxhbapiwpfeb
hbbxhbapiwpfv
hbbxhbapiwpzab
hbbxhbapiwpzf
hbbxhepdabaaapabbab,abba
hbbxhepdabaaapabbf
hbbxhepdabaaapabeb
hbbxhepdabaaapabv
hbbxhepdabaaapajab
hbbxhepdabaaapajf
hbbxhepdabaaapaub
hbbxhepdabaaapfbab
hbbxhepdabaaapfbf
hbbxhepdabaaapfeb
hbbxhepdabaaapfv
hbbxhepdabaaapzab
hbbxhepdabaaapzf
hbbxhepdabacpabbab,abac abba
hbbxhepdabacpabbf,abac
hbbxhepdabacpabeb,abac
hbbxhepdabacpabv,abac
hbbxhepdabacpajab,abac
hbbxhepdabacpajf,abac
hbbxhepdabacpaub,abac
hbbxhepdabacpfbab,abac
hbbxhepdabacpfbf,abac
hbbxhepdabacpfeb,abac
hbbxhepdabacpfv,abac
hbbxhepdabacpzab,abac
hbbxhepdabacpzf,abac
hbbxhepdabcapabbab,abba
hbbxhepdabcapabbf
hbbxhepdabcapabeb
hbbxhepdabcapabv
hbbxhepdabcapajab
hbbxhepdabcapajf
hbbxhepdabcapaub
hbbxhepdabcapfbab
hbbxhepdabcapfbf
hbbxhepdabcapfeb
hbbxhepdabcapfv
hbbxhepdabcapzab
hbbxhepdabcapzf
hbbxhepdabgpabbab,abba
hbbxhepdabgpabbf
hbbxhepdabgpabeb
hbbxhepdabgpabv
hbbxhepdabgpajab
hbbxhepdabgpajf
hbbxhepdabgpaub
hbbxhepdabgpfbab
hbbxhepdabgpfbf
hbbxhepdabgpfeb
hbbxhepdabgpfv
hbbxhepdabgpzab
hbbxhepdabgpzf
hbbxhepdaeaapabbab,abba
hbbxhepdaeaapabbf
hbbxhepdaeaapabeb
hbbxhepdaeaapabv
hbbxhepdaeaapajab
hbbxhepdaeaapajf
hbbxhepdaeaapaub
hbbxhepdaeaapfbab
hbbxhepdaeaapfbf
hbbxhepdaeaapfeb
hbbxhepdaeaapfv
hbbxhepdaeaapzab
hbbxhepdaeaapzf
hbbxhepdaecpabbab,abba
hbbxhepdaecpabbf
hbbxhepdaecpabeb
hbbxhepdaecpabv
hbbxhepdaecpajab
hbbxhepdaecpajf
hbbxhepdaecpaub
hbbxhepdaecpfbab
hbbxhepdaecpfbf
hbbxhepdaecpfeb
hbbxhepdaecpfv
hbbxhepdaecpzab
hbbxhepdaecpzf
hbbxhepdakapabbab,abba kapa
hbbxhepdakapabbf,kapa
hbbxhepdakapabeb,kapa
hbbxhepdakapabv,kapa
hbbxhepdakapajab,kapa
hbbxhepdakapajf,kapa
hbbxhepdakapaub,kapa
hbbxhepdakapfbab
hbbxhepdakapfbf
hbbxhepdakapfeb
hbbxhepdakapfv
hbbxhepdakapzab
hbbxhepdakapzf
hbbxhepdawpabbab,abba
hbbxhepdawpabbf
hbbxhepdawpabeb
hbbxhepdawpabv
hbbxhepdawpajab
hbbxhepdawpajf
hbbxhepdawpaub
hbbxhepdawpfbab
hbbxhepdawpfbf
hbbxhepdawpfeb
hbbxhepdawpfv
hbbxhepdawpzab
hbbxhepdawpzf
hbbxhepdfaaapabbab,abba
hbbxhepdfaaapabbf
hbbxhepdfaaapabeb
hbbxhepdfaaapabv
hbbxhepdfaaapajab
hbbxhepdfaaapajf
hbbxhepdfaaapaub
hbbxhepdfaaapfbab
hbbxhepdfaaapfbf
hbbxhepdfaaapfeb
hbbxhepdfaaapfv
hbbxhepdfaaapzab
hbbxhepdfaaapzf
hbbxhepdfacpabbab,abba
hbbxhepdfacpabbf
hbbxhepdfacpabeb
hbbxhepdfacpabv
hbbxhepdfacpajab
hbbxhepdfacpajf
hbbxhepdfacpaub
hbbxhepdfacpfbab
hbbxhepdfacpfbf
hbbxhepdfacpfeb
hbbxhepdfacpfv
hbbxhepdfacpzab
hbbxhepdfacpzf
hbbxhepdfcapabbab,abba
hbbxhepdfcapabbf
hbbxhepdfcapabeb
hbbxhepdfcapabv
hbbxhepdfcapajab
hbbxhepdfcapajf
hbbxhepdfcapaub
hbbxhepdfcapfbab
hbbxhepdfcapfbf
hbbxhepdfcapfeb
hbbxhepdfcapfv
hbbxhepdfcapzab
hbbxhepdfcapzf
hbbxhepdfgpabbab,abba
hbbxhepdfgpabbf
hbbxhepdfgpabeb
hbbxhepdfgpabv
hbbxhepdfgpajab
hbbxhepdfgpajf
hbbxhepdfgpaub
hbbxhepdfgpfbab
hbbxhepdfgpfbf
hbbxhepdfgpfeb
hbbxhepdfgpfv
hbbxhepdfgpzab
hbbxhepdfgpzf
hbbxhepdmaapabbab,abba
hbbxhepdmaapabbf
hbbxhepdmaapabeb
hbbxhepdmaapabv
hbbxhepdmaapajab
hbbxhepdmaapajf
hbbxhepdmaapaub
hbbxhepdmaapfbab
hbbxhepdmaapfbf
hbbxhepdmaapfeb
hbbxhepdmaapfv
hbbxhepdmaapzab
hbbxhepdmaapzf
hbbxhepdmcpabbab,abba
hbbxhepdmcpabbf
hbbxhepdmcpabeb
hbbxhepdmcpabv
hbbxhepdmcpajab
hbbxhepdmcpajf
hbbxhepdmcpaub
hbbxhepdmcpfbab
hbbxhepdmcpfbf
hbbxhepdmcpfeb
hbbxhepdmcpfv
hbbxhepdmcpzab
hbbxhepdmcpzf
hbbxhepibaaapabbab,abba
hbbxhepibaaapabbf
hbbxhepibaaapabeb
hbbxhepibaaapabv
hbbxhepibaaapajab
hbbxhepibaaapajf
hbbxhepibaaapaub
hbbxhepibaaapfbab
hbbxhepibaaapfbf
hbbxhepibaaapfeb
hbbxhepibaaapfv
hbbxhepibaaapzab
hbbxhepibaaapzf
hbbxhepibacpabbab,abba
hbbxhepibacpabbf
hbbxhepibacpabeb
hbbxhepibacpabv
hbbxhepibacpajab
hbbxhepibacpajf
hbbxhepibacpaub
hbbxhepibacpfbab
hbbxhepibacpfbf
hbbxhepibacpfeb
hbbxhepibacpfv
hbbxhepibacpzab
hbbxhepibacpzf
hbbxhepibcapabbab,abba
hbbxhepibcapabbf
hbbxhepibcapabeb
hbbxhepibcapabv
hbbxhepibcapajab
hbbxhepibcapajf
hbbxhepibcapaub
hbbxhepibcapfbab
hbbxhepibcapfbf
hbbxhepibcapfeb
hbbxhepibcapfv
hbbxhepibcapzab
hbbxhepibcapzf
hbbxhepibgpabbab,abba
hbbxhepibgpabbf
hbbxhepibgpabeb
hbbxhepibgpabv
hbbxhepibgpajab
hbbxhepibgpajf
hbbxhepibgpaub
hbbxhepibgpfbab
hbbxhepibgpfbf
hbbxhepibgpfeb
hbbxhepibgpfv
hbbxhepibgpzab
hbbxhepibgpzf
hbbxhepieaapabbab,abba
hbbxhepieaapabbf
hbbxhepieaapabeb
hbbxhepieaapabv
hbbxhepieaapajab
hbbxhepieaapajf
hbbxhepieaapaub
hbbxhepieaapfbab
hbbxhepieaapfbf
hbbxhepieaapfeb
hbbxhepieaapfv
hbbxhepieaapzab
hbbxhepieaapzf
hbbxhepiecpabbab,abba
hbbxhepiecpabbf
hbbxhepiecpabeb
hbbxhepiecpabv
hbbxhepiecpajab
hbbxhepiecpajf
hbbxhepiecpaub
hbbxhepiecpfbab
hbbxhepiecpfbf
hbbxhepiecpfeb
hbbxhepiecpfv
hbbxhepiecpzab
hbbxhepiecpzf
hbbxhepikapabbab,abba kapa pika
hbbxhepikapabbf,kapa pika
hbbxhepikapabeb,kapa pika
hbbxhepikapabv,kapa pika
hbbxhepikapajab,kapa pika
hbbxhepikapajf,kapa pika
hbbxhepikapaub,kapa pika
hbbxhepikapfbab,pika
hbbxhepikapfbf,pika
hbbxhepikapfeb,pika
hbbxhepikapfv,pika
hbbxhepikapzab,pika
hbbxhepikapzf,pika
hbbxhepiwpabbab,abba
hbbxhepiwpabbf
hbbxhepiwpabeb
hbbxhepiwpabv
hbbxhepiwpajab
hbbxhepiwpajf
hbbxhepiwpaub
hbbxhepiwpfbab
hbbxhepiwpfbf
hbbxhepiwpfeb
hbbxhepiwpfv
hbbxhepiwpzab
hbbxhepiwpzf
hbehhbapdabaaapabbab,abba
hbehhbapdabaaapabbf
hbehhbapdabaaapabeb
hbehhbapdabaaapabv
hbehhbapdabaaapajab
hbehhbapdabaaapajf
hbehhbapdabaaapaub
hbehhbapdabaaapfbab
hbehhbapdabaaapfbf
hbehhbapdabaaapfeb
hbehhbapdabaaapfv
hbehhbapdabaaapzab
hbehhbapdabaaapzf
hbehhbapdabacpabbab,abac abba
hbehhbapdabacpabbf,abac
hbehhbapdabacpabeb,abac
hbehhbapdabacpabv,abac
hbehhbapdabacpajab,abac
hbehhbapdabacpajf,abac
hbehhbapdabacpaub,abac
hbehhbapdabacpfbab,abac
hbehhbapdabacpfbf,abac
hbehhbapdabacpfeb,abac
hbehhbapdabacpfv,abac
hbehhbapdabacpzab,abac
hbehhbapdabacpzf,abac
hbehhbapdabcapabbab,abba
hbehhbapdabcapabbf
hbehhbapdabcapabeb
hbehhbapdabcapabv
hbehhbapdabcapajab
hbehhbapdabcapajf
hbehhbapdabcapaub
hbehhbapdabcapfbab
hbehhbapdabcapfbf
hbehhbapdabcapfeb
hbehhbapdabcapfv
hbehhbapdabcapzab
hbehhbapdabcapzf
hbehhbapdabgpabbab,abba
hbehhbapdabgpabbf
hbehhbapdabgpabeb
hbehhbapdabgpabv
hbehhbapdabgpajab
hbehhbapdabgpajf
hbehhbapdabgpaub
hbehhbapdabgpfbab
hbehhbapdabgpfbf
hbehhbapdabgpfeb
hbehhbapdabgpfv
hbehhbapdabgpzab
hbehhbapdabgpzf
hbehhbapdaeaapabbab,abba
hbehhbapdaeaapabbf
hbehhbapdaeaapabeb
hbehhbapdaeaapabv
hbehhbapdaeaapajab
hbehhbapdaeaapajf
hbehhbapdaeaapaub
hbehhbapdaeaapfbab
hbehhbapdaeaapfbf
hbehhbapdaeaapfeb
hbehhbapdaeaapfv
hbehhbapdaeaapzab
hbehhbapdaeaapzf
hbehhbapdaecpabbab,abba
hbehhbapdaecpabbf
hbehhbapdaecpabeb
hbehhbapdaecpabv
hbehhbapdaecpajab
hbehhbapdaecpajf
hbehhbapdaecpaub
hbehhbapdaecpfbab
hbehhbapdaecpfbf
hbehhbapdaecpfeb
hbehhbapdaecpfv
hbehhbapdaecpzab
hbehhbapdaecpzf
hbehhbapdakapabbab,abba kapa
hbehhbapdakapabbf,kapa
hbehhbapdakapabeb,kapa
hbehhbapdakapabv,kapa
hbehhbapdakapajab,kapa
hbehhbapdakapajf,kapa
hbehhbapdakapaub,kapa
hbehhbapdakapfbab
hbehhbapdakapfbf
hbehhbapdakapfeb
hbehhbapdakapfv
hbehhbapdakapzab
hbehhbapdakapzf
hbehhbapdawpabbab,abba
hbehhbapdawpabbf
hbehhbapdawpabeb
hbehhbapdawpabv
hbehhbapdawpajab
hbehhbapdawpajf
hbehhbapdawpaub
hbehhbapdawpfbab
hbehhbapdawpfbf
hbehhbapdawpfeb
hbehhbapdawpfv
hbehhbapdawpzab
hbehhbapdawpzf
hbehhbapdfaaapabbab,abba
hbehhbapdfaaapabbf
hbehhbapdfaaapabeb
hbehhbapdfaaapabv
hbehhbapdfaaapajab
hbehhbapdfaaapajf
hbehhbapdfaaapaub
hbehhbapdfaaapfbab
hbehhbapdfaaapfbf
hbehhbapdfaaapfeb
hbehhbapdfaaapfv
hbehhbapdfaaapzab
hbehhbapdfaaapzf
hbehhbapdfacpabbab,abba
hbehhbapdfacpabbf
hbehhbapdfacpabeb
hbehhbapdfacpabv
hbehhbapdfacpajab
hbehhbapdfacpajf
hbehhbapdfacpaub
hbehhbapdfacpfbab
hbehhbapdfacpfbf
hbehhbapdfacpfeb
hbehhbapdfacpfv
hbehhbapdfacpzab
hbehhbapdfacpzf
hbehhbapdfcapabbab,abba
hbehhbapdfcapabbf
hbehhbapdfcapabeb
hbehhbapdfcapabv
hbehhbapdfcapajab
hbehhbapdfcapajf
hbehhbapdfcapaub
hbehhbapdfcapfbab
hbehhbapdfcapfbf
hbehhbapdfcapfeb
hbehhbapdfcapfv
hbehhbapdfcapzab
hbehhbapdfcapzf
hbehhbapdfgpabbab,abba
hbehhbapdfgpabbf
hbehhbapdfgpabeb
hbehhbapdfgpabv
hbehhbapdfgpajab
hbehhbapdfgpajf
hbehhbapdfgpaub
hbehhbapdfgpfbab
hbehhbapdfgpfbf
hbehhbapdfgpfeb
hbehhbapdfgpfv
hbehhbapdfgpzab
hbehhbapdfgpzf
hbehhbapdmaapabbab,abba
hbehhbapdmaapabbf
hbehhbapdmaapabeb
hbehhbapdmaapabv
hbehhbapdmaapajab
hbehhbapdmaapajf
hbehhbapdmaapaub
hbehhbapdmaapfbab
hbehhbapdmaapfbf
hbehhbapdmaapfeb
hbehhbapdmaapfv
hbehhbapdmaapzab
hbehhbapdmaapzf
hbehhbapdmcpabbab,abba
hbehhbapdmcpabbf
hbehhbapdmcpabeb
hbehhbapdmcpabv
hbehhbapdmcpajab
hbehhbapdmcpajf
hbehhbapdmcpaub
hbehhbapdmcpfbab
hbehhbapdmcpfbf
hbehhbapdmcpfeb
hbehhbapdmcpfv
hbehhbapdmcpzab
hbehhbapdmcpzf
hbehhbapibaaapabbab,abba
hbehhbapibaaapabbf
hbehhbapibaaapabeb
hbehhbapibaaapabv
hbehhbapibaaapajab
hbehhbapibaaapajf
hbehhbapibaaapaub
hbehhbapibaaapfbab
hbehhbapibaaapfbf
hbehhbapibaaapfeb
hbehhbapibaaapfv
hbehhbapibaaapzab
hbehhbapibaaapzf
hbehhbapibacpabbab,abba
hbehhbapibacpabbf
hbehhbapibacpabeb
hbehhbapibacpabv
hbehhbapibacpajab
hbehhbapibacpajf
hbehhbapibacpaub
hbehhbapibacpfbab
hbehhbapibacpfbf
hbehhbapibacpfeb
hbehhbapibacpfv
hbehhbapibacpzab
hbehhbapibacpzf
hbehhbapibcapabbab,abba
hbehhbapibcapabbf
hbehhbapibcapabeb
hbehhbapibcapabv
hbehhbapibcapajab
hbehhbapibcapajf
hbehhbapibcapaub
hbehhbapibcapfbab
hbehhbapibcapfbf
hbehhbapibcapfeb
hbehhbapibcapfv
hbehhbapibcapzab
hbehhbapibcapzf
hbehhbapibgpabbab,abba
hbehhbapibgpabbf
hbehhbapibgpabeb
hbehhbapibgpabv
hbehhbapibgpajab
hbehhbapibgpajf
hbehhbapibgpaub
hbehhbapibgpfbab
hbehhbapibgpfbf
hbehhbapibgpfeb
hbehhbapibgpfv
hbehhbapibgpzab
hbehhbapibgpzf
hbehhbapieaapabbab,abba
hbehhbapieaapabbf
hbehhbapieaapabeb
hbehhbapieaapabv
hbehhbapieaapajab
hbehhbapieaapajf
hbehhbapieaapaub
hbehhbapieaapfbab
hbehhbapieaapfbf
hbehhbapieaapfeb
hbehhbapieaapfv
hbehhbapieaapzab
hbehhbapieaapzf
hbehhbapiecpabbab,abba
hbehhbapiecpabbf
hbehhbapiecpabeb
hbehhbapiecpabv
hbehhbapiecpajab
hbehhbapiecpajf
hbehhbapiecpaub
hbehhbapiecpfbab
hbehhbapiecpfbf
hbehhbapiecpfeb
hbehhbapiecpfv
hbehhbapiecpzab
hbehhbapiecpzf
hbehhbapikapabbab,abba kapa pika
hbehhbapikapabbf,kapa pika
hbehhbapikapabeb,kapa pika
hbehhbapikapabv,kapa pika
hbehhbapikapajab,kapa pika
hbehhbapikapajf,kapa pika
hbehhbapikapaub,kapa pika
hbehhbapikapfbab,pika
hbehhbapikapfbf,pika
hbehhbapikapfeb,pika
hbehhbapikapfv,pika
hbehhbapikapzab,pika
hbehhbapikapzf,pika
hbehhbapiwpabbab,abba
hbehhbapiwpabbf
hbehhbapiwpabeb
hbehhbapiwpabv
hbehhbapiwpajab
hbehhbapiwpajf
hbehhbapiwpaub
hbehhbapiwpfbab
hbehhbapiwpfbf
hbehhbapiwpfeb
hbehhbapiwpfv
hbehhbapiwpzab
hbehhbapiwpzf
hbehhepdabaaapabbab,abba
hbehhepdabaaapabbf
hbehhepdabaaapabeb
hbehhepdabaaapabv
hbehhepdabaaapajab
hbehhepdabaaapajf
hbehhepdabaaapaub
hbehhepdabaaapfbab
hbehhepdabaaapfbf
hbehhepdabaaapfeb
hbehhepdabaaapfv
hbehhepdabaaapzab
hbehhepdabaaapzf
hbehhepdabacpabbab,abac abba
hbehhepdabacpabbf,abac
hbehhepdabacpabeb,abac
hbehhepdabacpabv,abac
hbehhepdabacpajab,abac
hbehhepdabacpajf,abac
hbehhepdabacpaub,abac
hbehhepdabacpfbab,abac
hbehhepdabacpfbf,abac
hbehhepdabacpfeb,abac
hbehhepdabacpfv,abac
hbehhepdabacpzab,abac
hbehhepdabacpzf,abac
hbehhepdabcapabbab,abba
hbehhepdabcapabbf
hbehhepdabcapabeb
hbehhepdabcapabv
hbehhepdabcapajab
hbehhepdabcapajf
hbehhepdabcapaub
hbehhepdabcapfbab
hbehhepdabcapfbf
hbehhepdabcapfeb
hbehhepdabcapfv
hbehhepdabcapzab
hbehhepdabcapzf
hbehhepdabgpabbab,abba
hbehhepdabgpabbf
hbehhepdabgpabeb
hbehhepdabgpabv
hbehhepdabgpajab
hbehhepdabgpajf
hbehhepdabgpaub
hbehhepdabgpfbab
hbehhepdabgpfbf
hbehhepdabgpfeb
hbehhepdabgpfv
hbehhepdabgpzab
hbehhepdabgpzf
hbehhepdaeaapabbab,abba
hbehhepdaeaapabbf
hbehhepdaeaapabeb
hbehhepdaeaapabv
hbehhepdaeaapajab
hbehhepdaeaapajf
hbehhepdaeaapaub
hbehhepdaeaapfbab
hbehhepdaeaapfbf
hbehhepdaeaapfeb
hbehhepdaeaapfv
hbehhepdaeaapzab
hbehhepdaeaapzf
hbehhepdaecpabbab,abba
hbehhepdaecpabbf
hbehhepdaecpabeb
hbehhepdaecpabv
hbehhepdaecpajab
hbehhepdaecpajf
hbehhepdaecpaub
hbehhepdaecpfbab
hbehhepdaecpfbf
hbehhepdaecpfeb
hbehhepdaecpfv
hbehhepdaecpzab
hbehhepdaecpzf
hbehhepdakapabbab,abba kapa
hbehhepdakapabbf,kapa
hbehhepdakapabeb,kapa
hbehhepdakapabv,kapa
hbehhepdakapajab,kapa
hbehhepdakapajf,kapa
hbehhepdakapaub,kapa
hbehhepdakapfbab
hbehhepdakapfbf
hbehhepdakapfeb
hbehhepdakapfv
hbehhepdakapzab
hbehhepdakapzf
hbehhepdawpabbab,abba
hbehhepdawpabbf
hbehhepdawpabeb
hbehhepdawpabv
hbehhepdawpajab
hbehhepdawpajf
hbehhepdawpaub
hbehhepdawpfbab
hbehhepdawpfbf
hbehhepdawpfeb
hbehhepdawpfv
hbehhepdawpzab
hbehhepdawpzf
hbehhepdfaaapabbab,abba
hbehhepdfaaapabbf
hbehhepdfaaapabeb
hbehhepdfaaapabv
hbehhepdfaaapajab
hbehhepdfaaapajf
hbehhepdfaaapaub
hbehhepdfaaapfbab
hbehhepdfaaapfbf
hbehhepdfaaapfeb
hbehhepdfaaapfv
hbehhepdfaaapzab
hbehhepdfaaapzf
hbehhepdfacpabbab,abba
hbehhepdfacpabbf
hbehhepdfacpabeb
hbehhepdfacpabv
hbehhepdfacpajab
hbehhepdfacpajf
hbehhepdfacpaub
hbehhepdfacpfbab
hbehhepdfacpfbf
hbehhepdfacpfeb
hbehhepdfacpfv
hbehhepdfacpzab
hbehhepdfacpzf
hbehhepdfcapabbab,abba
hbehhepdfcapabbf
hbehhepdfcapabeb
hbehhepdfcapabv
hbehhepdfcapajab
hbehhepdfcapajf
hbehhepdfcapaub
hbehhepdfcapfbab
hbehhepdfcapfbf
hbehhepdfcapfeb
hbehhepdfcapfv
hbehhepdfcapzab
hbehhepdfcapzf
hbehhepdfgpabbab,abba
hbehhepdfgpabbf
hbehhepdfgpabeb
hbehhepdfgpabv
hbehhepdfgpajab
hbehhepdfgpajf
hbehhepdfgpaub
hbehhepdfgpfbab
hbehhepdfgpfbf
hbehhepdfgpfeb
hbehhepdfgpfv
hbehhepdfgpzab
hbehhepdfgpzf
hbehhepdmaapabbab,abba
hbehhepdmaapabbf
hbehhepdmaapabeb
hbehhepdmaapabv
hbehhepdmaapajab
hbehhepdmaapajf
hbehhepdmaapaub
hbehhepdmaapfbab
hbehhepdmaapfbf
hbehhepdmaapfeb
hbehhepdmaapfv
hbehhepdmaapzab
hbehhepdmaapzf
hbehhepdmcpabbab,abba
hbehhepdmcpabbf
hbehhepdmcpabeb
hbehhepdmcpabv
hbehhepdmcpajab
hbehhepdmcpajf
hbehhepdmcpaub
hbehhepdmcpfbab
hbehhepdmcpfbf
hbehhepdmcpfeb
hbehhepdmcpfv
hbehhepdmcpzab
hbehhepdmcpzf
hbehhepibaaapabbab,abba
hbehhepibaaapabbf
hbehhepibaaapabeb
hbehhepibaaapabv
hbehhepibaaapajab
hbehhepibaaapajf
hbehhepibaaapaub
hbehhepibaaapfbab
hbehhepibaaapfbf
hbehhepibaaapfeb
hbehhepibaaapfv
hbehhepibaaapzab
hbehhepibaaapzf
hbehhepibacpabbab,abba
hbehhepibacpabbf
hbehhepibacpabeb
hbehhepibacpabv
hbehhepibacpajab
hbehhepibacpajf
hbehhepibacpaub
hbehhepibacpfbab
hbehhepibacpfbf
hbehhepibacpfeb
hbehhepibacpfv
hbehhepibacpzab
hbehhepibacpzf
hbehhepibcapabbab,abba
hbehhepibcapabbf
hbehhepibcapabeb
hbehhepibcapabv
hbehhepibcapajab
hbehhepibcapajf
hbehhepibcapaub
hbehhepibcapfbab
hbehhepibcapfbf
hbehhepibcapfeb
hbehhepibcapfv
hbehhepibcapzab
hbehhepibcapzf
hbehhepibgpabbab,abba
hbehhepibgpabbf
hbehhepibgpabeb
hbehhepibgpabv
hbehhepibgpajab
hbehhepibgpajf
hbehhepibgpaub
hbehhepibgpfbab
hbehhepibgpfbf
hbehhepibgpfeb
hbehhepibgpfv
hbehhepibgpzab
hbehhepibgpzf
hbehhepieaapabbab,abba
hbehhepieaapabbf
hbehhepieaapabeb
hbehhepieaapabv
hbehhepieaapajab
hbehhepieaapajf
hbehhepieaapaub
hbehhepieaapfbab
hbehhepieaapfbf
hbehhepieaapfeb
hbehhepieaapfv
hbehhepieaapzab
hbehhepieaapzf
hbehhepiecpabbab,abba
hbehhepiecpabbf
hbehhepiecpabeb
hbehhepiecpabv
hbehhepiecpajab
hbehhepiecpajf
hbehhepiecpaub
hbehhepiecpfbab
hbehhepiecpfbf
hbehhepiecpfeb
hbehhepiecpfv
hbehhepiecpzab
hbehhepiecpzf
hbehhepikapabbab,abba kapa pika
hbehhepikapabbf,kapa pika
hbehhepikapabeb,kapa pika
hbehhepikapabv,kapa pika
hbehhepikapajab,kapa pika
hbehhepikapajf,kapa pika
hbehhepikapaub,kapa pika
hbehhepikapfbab,pika
hbehhepikapfbf,pika
hbehhepikapfeb,pika
hbehhepikapfv,pika
hbehhepikapzab,pika
hbehhepikapzf,pika
hbehhepiwpabbab,abba
hbehhepiwpabbf
hbehhepiwpabeb
hbehhepiwpabv
hbehhepiwpajab
hbehhepiwpajf
hbehhepiwpaub
hbehhepiwpfbab
hbehhepiwpfbf
hbehhepiwpfeb
hbehhepiwpfv
hbehhepiwpzab
hbehhepiwpzf
hjahhbapdabaaapabbab,abba
hjahhbapdabaaapabbf
hjahhbapdabaaapabeb
hjahhbapdabaaapabv
hjahhbapdabaaapajab
hjahhbapdabaaapajf
hjahhbapdabaaapaub
hjahhbapdabaaapfbab
hjahhbapdabaaapfbf
hjahhbapdabaaapfeb
hjahhbapdabaaapfv
hjahhbapdabaaapzab
hjahhbapdabaaapzf
hjahhbapdabacpabbab,abac abba
hjahhbapdabacpabbf,abac
hjahhbapdabacpabeb,abac
hjahhbapdabacpabv,abac
hjahhbapdabacpajab,abac
hjahhbapdabacpajf,abac
hjahhbapdabacpaub,abac
hjahhbapdabacpfbab,abac
hjahhbapdabacpfbf,abac
hjahhbapdabacpfeb,abac
hjahhbapdabacpfv,abac
hjahhbapdabacpzab,abac
hjahhbapdabacpzf,abac
hjahhbapdabcapabbab,abba
hjahhbapdabcapabbf
hjahhbapdabcapabeb
hjahhbapdabcapabv
hjahhbapdabcapajab
hjahhbapdabcapajf
hjahhbapdabcapaub
hjahhbapdabcapfbab
hjahhbapdabcapfbf
hjahhbapdabcapfeb
hjahhbapdabcapfv
hjahhbapdabcapzab
hjahhbapdabcapzf
hjahhbapdabgpabbab,abba
hjahhbapdabgpabbf
hjahhbapdabgpabeb
hjahhbapdabgpabv
hjahhbapdabgpajab
hjahhbapdabgpajf
hjahhbapdabgpaub
hjahhbapdabgpfbab
hjahhbapdabgpfbf
hjahhbapdabgpfeb
hjahhbapdabgpfv
hjahhbapdabgpzab
hjahhbapdabgpzf
hjahhbapdaeaapabbab,abba
hjahhbapdaeaapabbf
hjahhbapdaeaapabeb
hjahhbapdaeaapabv
hjahhbapdaeaapajab
hjahhbapdaeaapajf
hjahhbapdaeaapaub
hjahhbapdaeaapfbab
hjahhbapdaeaapfbf
hjahhbapdaeaapfeb
hjahhbapdaeaapfv
hjahhbapdaeaapzab
hjahhbapdaeaapzf
hjahhbapdaecpabbab,abba
hjahhbapdaecpabbf
hjahhbapdaecpabeb
hjahhbapdaecpabv
hjahhbapdaecpajab
hjahhbapdaecpajf
hjahhbapdaecpaub
hjahhbapdaecpfbab
hjahhbapdaecpfbf
hjahhbapdaecpfeb
hjahhbapdaecpfv
hjahhbapdaecpzab
hjahhbapdaecpzf
hjahhbapdakapabbab,abba kapa
hjahhbapdakapabbf,kapa
hjahhbapdakapabeb,kapa
hjahhbapdakapabv,kapa
hjahhbapdakapajab,kapa
hjahhbapdakapajf,kapa
hjahhbapdakapaub,kapa
hjahhbapdakapfbab
hjahhbapdakapfbf
hjahhbapdakapfeb
hjahhbapdakapfv
hjahhbapdakapzab
hjahhbapdakapzf
hjahhbapdawpabbab,abba
hjahhbapdawpabbf
hjahhbapdawpabeb
hjahhbapdawpabv
hjahhbapdawpajab
hjahhbapdawpajf
hjahhbapdawpaub
hjahhbapdawpfbab
hjahhbapdawpfbf
hjahhbapdawpfeb
hjahhbapdawpfv
hjahhbapdawpzab
hjahhbapdawpzf
hjahhbapdfaaapabbab,abba
hjahhbapdfaaapabbf
hjahhbapdfaaapabeb
hjahhbapdfaaapabv
hjahhbapdfaaapajab
hjahhbapdfaaapajf
hjahhbapdfaaapaub
hjahhbapdfaaapfbab
hjahhbapdfaaapfbf
hjahhbapdfaaapfeb
hjahhbapdfaaapfv
hjahhbapdfaaapzab
hjahhbapdfaaapzf
hjahhbapdfacpabbab,abba
hjahhbapdfacpabbf
hjahhbapdfacpabeb
hjahhbapdfacpabv
hjahhbapdfacpajab
hjahhbapdfacpajf
hjahhbapdfacpaub
hjahhbapdfacpfbab
hjahhbapdfacpfbf
hjahhbapdfacpfeb
hjahhbapdfacpfv
hjahhbapdfacpzab
hjahhbapdfacpzf
hjahhbapdfcapabbab,abba
hjahhbapdfcapabbf
hjahhbapdfcapabeb
hjahhbapdfcapabv
hjahhbapdfcapajab
hjahhbapdfcapajf
hjahhbapdfcapaub
hjahhbapdfcapfbab
hjahhbapdfcapfbf
hjahhbapdfcapfeb
hjahhbapdfcapfv
hjahhbapdfcapzab
hjahhbapdfcapzf
hjahhbapdfgpabbab,abba
hjahhbapdfgpabbf
hjahhbapdfgpabeb
hjahhbapdfgpabv
hjahhbapdfgpajab
hjahhbapdfgpajf
hjahhbapdfgpaub
hjahhbapdfgpfbab
hjahhbapdfgpfbf
hjahhbapdfgpfeb
hjahhbapdfgpfv
hjahhbapdfgpzab
hjahhbapdfgpzf
hjahhbapdmaapabbab,abba
hjahhbapdmaapabbf
hjahhbapdmaapabeb
hjahhbapdmaapabv
hjahhbapdmaapajab
hjahhbapdmaapajf
hjahhbapdmaapaub
hjahhbapdmaapfbab
hjahhbapdmaapfbf
hjahhbapdmaapfeb
hjahhbapdmaapfv
hjahhbapdmaapzab
hjahhbapdmaapzf
hjahhbapdmcpabbab,abba
hjahhbapdmcpabbf
hjahhbapdmcpabeb
hjahhbapdmcpabv
hjahhbapdmcpajab
hjahhbapdmcpajf
hjahhbapdmcpaub
hjahhbapdmcpfbab
hjahhbapdmcpfbf
hjahhbapdmcpfeb
hjahhbapdmcpfv
hjahhbapdmcpzab
hjahhbapdmcpzf
hjahhbapibaaapabbab,abba
hjahhbapibaaapabbf
hjahhbapibaaapabeb
hjahhbapibaaapabv
hjahhbapibaaapajab
hjahhbapibaaapajf
hjahhbapibaaapaub
hjahhbapibaaapfbab
hjahhbapibaaapfbf
hjahhbapibaaapfeb
hjahhbapibaaapfv
hjahhbapibaaapzab
hjahhbapibaaapzf
hjahhbapibacpabbab,abba
hjahhbapibacpabbf
hjahhbapibacpabeb
hjahhbapibacpabv
hjahhbapibacpajab
hjahhbapibacpajf
hjahhbapibacpaub
hjahhbapibacpfbab
hjahhbapibacpfbf
hjahhbapibacpfeb
hjahhbapibacpfv
hjahhbapibacpzab
hjahhbapibacpzf
hjahhbapibcapabbab,abba
hjahhbapibcapabbf
hjahhbapibcapabeb
hjahhbapibcapabv
hjahhbapibcapajab
hjahhbapibcapajf
hjahhbapibcapaub
hjahhbapibcapfbab
hjahhbapibcapfbf
hjahhbapibcapfeb
hjahhbapibcapfv
hjahhbapibcapzab
hjahhbapibcapzf
hjahhbapibgpabbab,abba
hjahhbapibgpabbf
hjahhbapibgpabeb
hjahhbapibgpabv
hjahhbapibgpajab
hjahhbapibgpajf
hjahhbapibgpaub
hjahhbapibgpfbab
hjahhbapibgpfbf
hjahhbapibgpfeb
hjahhbapibgpfv
hjahhbapibgpzab
hjahhbapibgpzf
hjahhbapieaapabbab,abba
hjahhbapieaapabbf
hjahhbapieaapabeb
hjahhbapieaapabv
hjahhbapieaapajab
hjahhbapieaapajf
hjahhbapieaapaub
hjahhbapieaapfbab
hjahhbapieaapfbf
hjahhbapieaapfeb
hjahhbapieaapfv
hjahhbapieaapzab
hjahhbapieaapzf
hjahhbapiecpabbab,abba
hjahhbapiecpabbf
hjahhbapiecpabeb
hjahhbapiecpabv
hjahhbapiecpajab
hjahhbapiecpajf
hjahhbapiecpaub
hjahhbapiecpfbab
hjahhbapiecpfbf
hjahhbapiecpfeb
hjahhbapiecpfv
hjahhbapiecpzab
hjahhbapiecpzf
hjahhbapikapabbab,abba kapa pika
hjahhbapikapabbf,kapa pika
hjahhbapikapabeb,kapa pika
hjahhbapikapabv,kapa pika
hjahhbapikapajab,kapa pika
hjahhbapikapajf,kapa pika
hjahhbapikapaub,kapa pika
hjahhbapikapfbab,pika
hjahhbapikapfbf,pika
hjahhbapikapfeb,pika
hjahhbapikapfv,pika
hjahhbapikapzab,pika
hjahhbapikapzf,pika
hjahhbapiwpabbab,abba
hjahhbapiwpabbf
hjahhbapiwpabeb
hjahhbapiwpabv
hjahhbapiwpajab
hjahhbapiwpajf
hjahhbapiwpaub
hjahhbapiwpfbab
hjahhbapiwpfbf
hjahhbapiwpfeb
hjahhbapiwpfv
hjahhbapiwpzab
hjahhbapiwpzf
hjahhepdabaaapabbab,abba
hjahhepdabaaapabbf
hjahhepdabaaapabeb
hjahhepdabaaapabv
hjahhepdabaaapajab
hjahhepdabaaapajf
hjahhepdabaaapaub
hjahhepdabaaapfbab
hjahhepdabaaapfbf
hjahhepdabaaapfeb
hjahhepdabaaapfv
hjahhepdabaaapzab
hjahhepdabaaapzf
hjahhepdabacpabbab,abac abba
hjahhepdabacpabbf,abac
hjahhepdabacpabeb,abac
hjahhepdabacpabv,abac
hjahhepdabacpajab,abac
hjahhepdabacpajf,abac
hjahhepdabacpaub,abac
hjahhepdabacpfbab,abac
hjahhepdabacpfbf,abac
hjahhepdabacpfeb,abac
hjahhepdabacpfv,abac
hjahhepdabacpzab,abac
hjahhepdabacpzf,abac
hjahhepdabcapabbab,abba
hjahhepdabcapabbf
hjahhepdabcapabeb
hjahhepdabcapabv
hjahhepdabcapajab
hjahhepdabcapajf
hjahhepdabcapaub
hjahhepdabcapfbab
hjahhepdabcapfbf
hjahhepdabcapfeb
hjahhepdabcapfv
hjahhepdabcapzab
hjahhepdabcapzf
hjahhepdabgpabbab,abba
hjahhepdabgpabbf
hjahhepdabgpabeb
hjahhepdabgpabv
hjahhepdabgpajab
hjahhepdabgpajf
hjahhepdabgpaub
hjahhepdabgpfbab
hjahhepdabgpfbf
hjahhepdabgpfeb
hjahhepdabgpfv
hjahhepdabgpzab
hjahhepdabgpzf
hjahhepdaeaapabbab,abba
hjahhepdaeaapabbf
hjahhepdaeaapabeb
hjahhepdaeaapabv
hjahhepdaeaapajab
hjahhepdaeaapajf
hjahhepdaeaapaub
hjahhepdaeaapfbab
hjahhepdaeaapfbf
hjahhepdaeaapfeb
hjahhepdaeaapfv
hjahhepdaeaapzab
hjahhepdaeaapzf
hjahhepdaecpabbab,abba
hjahhepdaecpabbf
hjahhepdaecpabeb
hjahhepdaecpabv
hjahhepdaecpajab
hjahhepdaecpajf
hjahhepdaecpaub
hjahhepdaecpfbab
hjahhepdaecpfbf
hjahhepdaecpfeb
hjahhepdaecpfv
hjahhepdaecpzab
hjahhepdaecpzf
hjahhepdakapabbab,abba kapa
hjahhepdakapabbf,kapa
hjahhepdakapabeb,kapa
hjahhepdakapabv,kapa
hjahhepdakapajab,kapa
hjahhepdakapajf,kapa
hjahhepdakapaub,kapa
hjahhepdakapfbab
hjahhepdakapfbf
hjahhepdakapfeb
hjahhepdakapfv
hjahhepdakapzab
hjahhepdakapzf
hjahhepdawpabbab,abba
hjahhepdawpabbf
hjahhepdawpabeb
hjahhepdawpabv
hjahhepdawpajab
hjahhepdawpajf
hjahhepdawpaub
hjahhepdawpfbab
hjahhepdawpfbf
hjahhepdawpfeb
hjahhepdawpfv
hjahhepdawpzab
hjahhepdawpzf
hjahhepdfaaapabbab,abba
hjahhepdfaaapabbf
hjahhepdfaaapabeb
hjahhepdfaaapabv
hjahhepdfaaapajab
hjahhepdfaaapajf
hjahhepdfaaapaub
hjahhepdfaaapfbab
hjahhepdfaaapfbf
hjahhepdfaaapfeb
hjahhepdfaaapfv
hjahhepdfaaapzab
hjahhepdfaaapzf
hjahhepdfacpabbab,abba
hjahhepdfacpabbf
hjahhepdfacpabeb
hjahhepdfacpabv
hjahhepdfacpajab
hjahhepdfacpajf
hjahhepdfacpaub
hjahhepdfacpfbab
hjahhepdfacpfbf
hjahhepdfacpfeb
hjahhepdfacpfv
hjahhepdfacpzab
hjahhepdfacpzf
hjahhepdfcapabbab,abba
hjahhepdfcapabbf
hjahhepdfcapabeb
hjahhepdfcapabv
hjahhepdfcapajab
hjahhepdfcapajf
hjahhepdfcapaub
hjahhepdfcapfbab
hjahhepdfcapfbf
hjahhepdfcapfeb
hjahhepdfcapfv
hjahhepdfcapzab
hjahhepdfcapzf
hjahhepdfgpabbab,abba
hjahhepdfgpabbf
hjahhepdfgpabeb
hjahhepdfgpabv
hjahhepdfgpajab
hjahhepdfgpajf
hjahhepdfgpaub
hjahhepdfgpfbab
hjahhepdfgpfbf
hjahhepdfgpfeb
hjahhepdfgpfv
hjahhepdfgpzab
hjahhepdfgpzf
hjahhepdmaapabbab,abba
hjahhepdmaapabbf
hjahhepdmaapabeb
hjahhepdmaapabv
hjahhepdmaapajab
hjahhepdmaapajf
hjahhepdmaapaub
hjahhepdmaapfbab
hjahhepdmaapfbf
hjahhepdmaapfeb
hjahhepdmaapfv
hjahhepdmaapzab
hjahhepdmaapzf
hjahhepdmcpabbab,abba
hjahhepdmcpabbf
hjahhepdmcpabeb
hjahhepdmcpabv
hjahhepdmcpajab
hjahhepdmcpajf
hjahhepdmcpaub
hjahhepdmcpfbab
hjahhepdmcpfbf
hjahhepdmcpfeb
hjahhepdmcpfv
hjahhepdmcpzab
hjahhepdmcpzf
hjahhepibaaapabbab,abba
hjahhepibaaapabbf
hjahhepibaaapabeb
hjahhepibaaapabv
hjahhepibaaapajab
hjahhepibaaapajf
hjahhepibaaapaub
hjahhepibaaapfbab
hjahhepibaaapfbf
hjahhepibaaapfeb
hjahhepibaaapfv
hjahhepibaaapzab
hjahhepibaaapzf
hjahhepibacpabbab,abba
hjahhepibacpabbf
hjahhepibacpabeb
hjahhepibacpabv
hjahhepibacpajab
hjahhepibacpajf
hjahhepibacpaub
hjahhepibacpfbab
hjahhepibacpfbf
hjahhepibacpfeb
hjahhepibacpfv
hjahhepibacpzab
hjahhepibacpzf
hjahhepibcapabbab,abba
hjahhepibcapabbf
hjahhepibcapabeb
hjahhepibcapabv
hjahhepibcapajab
hjahhepibcapajf
hjahhepibcapaub
hjahhepibcapfbab
hjahhepibcapfbf
hjahhepibcapfeb
hjahhepibcapfv
hjahhepibcapzab
hjahhepibcapzf
hjahhepibgpabbab,abba
hjahhepibgpabbf
hjahhepibgpabeb
hjahhepibgpabv
hjahhepibgpajab
hjahhepibgpajf
hjahhepibgpaub
hjahhepibgpfbab
hjahhepibgpfbf
hjahhepibgpfeb
hjahhepibgpfv
hjahhepibgpzab
hjahhepibgpzf
hjahhepieaapabbab,abba
hjahhepieaapabbf
hjahhepieaapabeb
hjahhepieaapabv
hjahhepieaapajab
hjahhepieaapajf
hjahhepieaapaub
hjahhepieaapfbab
hjahhepieaapfbf
hjahhepieaapfeb
hjahhepieaapfv
hjahhepieaapzab
hjahhepieaapzf
hjahhepiecpabbab,abba
hjahhepiecpabbf
hjahhepiecpabeb
hjahhepiecpabv
hjahhepiecpajab
hjahhepiecpajf
hjahhepiecpaub
hjahhepiecpfbab
hjahhepiecpfbf
hjahhepiecpfeb
hjahhepiecpfv
hjahhepiecpzab
hjahhepiecpzf
hjahhepikapabbab,abba kapa pika
hjahhepikapabbf,kapa pika
hjahhepikapabeb,kapa pika
hjahhepikapabv,kapa pika
hjahhepikapajab,kapa pika
hjahhepikapajf,kapa pika
hjahhepikapaub,kapa pika
hjahhepikapfbab,pika
hjahhepikapfbf,pika
hjahhepikapfeb,pika
hjahhepikapfv,pika
hjahhepikapzab,pika
hjahhepikapzf,pika
hjahhepiwpabbab,abba
hjahhepiwpabbf
hjahhepiwpabeb
hjahhepiwpabv
hjahhepiwpajab
hjahhepiwpajf
hjahhepiwpaub
hjahhepiwpfbab
hjahhepiwpfbf
hjahhepiwpfeb
hjahhepiwpfv
hjahhepiwpzab
hjahhepiwpzf
hjxhbapdabaaapabbab,abba
hjxhbapdabaaapabbf
hjxhbapdabaaapabeb
hjxhbapdabaaapabv
hjxhbapdabaaapajab
hjxhbapdabaaapajf
hjxhbapdabaaapaub
hjxhbapdabaaapfbab
hjxhbapdabaaapfbf
hjxhbapdabaaapfeb
hjxhbapdabaaapfv
hjxhbapdabaaapzab
hjxhbapdabaaapzf
hjxhbapdabacpabbab,abac abba
hjxhbapdabacpabbf,abac
hjxhbapdabacpabeb,abac
hjxhbapdabacpabv,abac
hjxhbapdabacpajab,abac
hjxhbapdabacpajf,abac
hjxhbapdabacpaub,abac
hjxhbapdabacpfbab,abac
hjxhbapdabacpfbf,abac
hjxhbapdabacpfeb,abac
hjxhbapdabacpfv,abac
hjxhbapdabacpzab,abac
hjxhbapdabacpzf,abac
hjxhbapdabcapabbab,abba
hjxhbapdabcapabbf
hjxhbapdabcapabeb
hjxhbapdabcapabv
hjxhbapdabcapajab
hjxhbapdabcapajf
hjxhbapdabcapaub
hjxhbapdabcapfbab
hjxhbapdabcapfbf
hjxhbapdabcapfeb
hjxhbapdabcapfv
hjxhbapdabcapzab
hjxhbapdabcapzf
hjxhbapdabgpabbab,abba
hjxhbapdabgpabbf
hjxhbapdabgpabeb
hjxhbapdabgpabv
hjxhbapdabgpajab
hjxhbapdabgpajf
hjxhbapdabgpaub
hjxhbapdabgpfbab
hjxhbapdabgpfbf
hjxhbapdabgpfeb
hjxhbapdabgpfv
hjxhbapdabgpzab
hjxhbapdabgpzf
hjxhbapdaeaapabbab,abba
hjxhbapdaeaapabbf
hjxhbapdaeaapabeb
hjxhbapdaeaapabv
hjxhbapdaeaapajab
hjxhbapdaeaapajf
hjxhbapdaeaapaub
hjxhbapdaeaapfbab
hjxhbapdaeaapfbf
hjxhbapdaeaapfeb
hjxhbapdaeaapfv
hjxhbapdaeaapzab
hjxhbapdaeaapzf
hjxhbapdaecpabbab,abba
hjxhbapdaecpabbf
hjxhbapdaecpabeb
hjxhbapdaecpabv
hjxhbapdaecpajab
hjxhbapdaecpajf
hjxhbapdaecpaub
hjxhbapdaecpfbab
hjxhbapdaecpfbf
hjxhbapdaecpfeb
hjxhbapdaecpfv
hjxhbapdaecpzab
hjxhbapdaecpzf
hjxhbapdakapabbab,abba kapa
hjxhbapdakapabbf,kapa
hjxhbapdakapabeb,kapa
hjxhbapdakapabv,kapa
hjxhbapdakapajab,kapa
hjxhbapdakapajf,kapa
hjxhbapdakapaub,kapa
hjxhbapdakapfbab
hjxhbapdakapfbf
hjxhbapdakapfeb
hjxhbapdakapfv
hjxhbapdakapzab
hjxhbapdakapzf
hjxhbapdawpabbab,abba
hjxhbapdawpabbf
hjxhbapdawpabeb
hjxhbapdawpabv
hjxhbapdawpajab
hjxhbapdawpajf
hjxhbapdawpaub
hjxhbapdawpfbab
hjxhbapdawpfbf
hjxhbapdawpfeb
hjxhbapdawpfv
hjxhbapdawpzab
hjxhbapdawpzf
hjxhbapdfaaapabbab,abba
hjxhbapdfaaapabbf
hjxhbapdfaaapabeb
hjxhbapdfaaapabv
hjxhbapdfaaapajab
hjxhbapdfaaapajf
hjxhbapdfaaapaub
hjxhbapdfaaapfbab
hjxhbapdfaaapfbf
hjxhbapdfaaapfeb
hjxhbapdfaaapfv
hjxhbapdfaaapzab
hjxhbapdfaaapzf
hjxhbapdfacpabbab,abba
hjxhbapdfacpabbf
hjxhbapdfacpabeb
hjxhbapdfacpabv
hjxhbapdfacpajab
hjxhbapdfacpajf
hjxhbapdfacpaub
hjxhbapdfacpfbab
hjxhbapdfacpfbf
hjxhbapdfacpfeb
hjxhbapdfacpfv
hjxhbapdfacpzab
hjxhbapdfacpzf
hjxhbapdfcapabbab,abba
hjxhbapdfcapabbf
hjxhbapdfcapabeb
hjxhbapdfcapabv
hjxhbapdfcapajab
hjxhbapdfcapajf
hjxhbapdfcapaub
hjxhbapdfcapfbab
hjxhbapdfcapfbf
hjxhbapdfcapfeb
hjxhbapdfcapfv
hjxhbapdfcapzab
hjxhbapdfcapzf
hjxhbapdfgpabbab,abba
hjxhbapdfgpabbf
hjxhbapdfgpabeb
hjxhbapdfgpabv
hjxhbapdfgpajab
hjxhbapdfgpajf
hjxhbapdfgpaub
hjxhbapdfgpfbab
hjxhbapdfgpfbf
hjxhbapdfgpfeb
hjxhbapdfgpfv
hjxhbapdfgpzab
hjxhbapdfgpzf
hjxhbapdmaapabbab,abba
hjxhbapdmaapabbf
hjxhbapdmaapabeb
hjxhbapdmaapabv
hjxhbapdmaapajab
hjxhbapdmaapajf
hjxhbapdmaapaub
hjxhbapdmaapfbab
hjxhbapdmaapfbf
hjxhbapdmaapfeb
hjxhbapdmaapfv
hjxhbapdmaapzab
hjxhbapdmaapzf
hjxhbapdmcpabbab,abba
hjxhbapdmcpabbf
hjxhbapdmcpabeb
hjxhbapdmcpabv
hjxhbapdmcpajab
hjxhbapdmcpajf
hjxhbapdmcpaub
hjxhbapdmcpfbab
hjxhbapdmcpfbf
hjxhbapdmcpfeb
hjxhbapdmcpfv
hjxhbapdmcpzab
hjxhbapdmcpzf
hjxhbapibaaapabbab,abba
hjxhbapibaaapabbf
hjxhbapibaaapabeb
hjxhbapibaaapabv
hjxhbapibaaapajab
hjxhbapibaaapajf
hjxhbapibaaapaub
hjxhbapibaaapfbab
hjxhbapibaaapfbf
hjxhbapibaaapfeb
hjxhbapibaaapfv
hjxhbapibaaapzab
hjxhbapibaaapzf
hjxhbapibacpabbab,abba
hjxhbapibacpabbf
hjxhbapibacpabeb
hjxhbapibacpabv
hjxhbapibacpajab
hjxhbapibacpajf
hjxhbapibacpaub
hjxhbapibacpfbab
hjxhbapibacpfbf
hjxhbapibacpfeb
hjxhbapibacpfv
hjxhbapibacpzab
hjxhbapibacpzf
hjxhbapibcapabbab,abba
hjxhbapibcapabbf
hjxhbapibcapabeb
hjxhbapibcapabv
hjxhbapibcapajab
hjxhbapibcapajf
hjxhbapibcapaub
hjxhbapibcapfbab
hjxhbapibcapfbf
hjxhbapibcapfeb
hjxhbapibcapfv
hjxhbapibcapzab
hjxhbapibcapzf
hjxhbapibgpabbab,abba
hjxhbapibgpabbf
hjxhbapibgpabeb
hjxhbapibgpabv
hjxhbapibgpajab
hjxhbapibgpajf
hjxhbapibgpaub
hjxhbapibgpfbab
hjxhbapibgpfbf
hjxhbapibgpfeb
hjxhbapibgpfv
hjxhbapibgpzab
hjxhbapibgpzf
hjxhbapieaapabbab,abba
hjxhbapieaapabbf
hjxhbapieaapabeb
hjxhbapieaapabv
hjxhbapieaapajab
hjxhbapieaapajf
hjxhbapieaapaub
hjxhbapieaapfbab
hjxhbapieaapfbf
hjxhbapieaapfeb
hjxhbapieaapfv
hjxhbapieaapzab
hjxhbapieaapzf
hjxhbapiecpabbab,abba
hjxhbapiecpabbf
hjxhbapiecpabeb
hjxhbapiecpabv
hjxhbapiecpajab
hjxhbapiecpajf
hjxhbapiecpaub
hjxhbapiecpfbab
hjxhbapiecpfbf
hjxhbapiecpfeb
hjxhbapiecpfv
hjxhbapiecpzab
hjxhbapiecpzf
hjxhbapikapabbab,abba kapa pika
hjxhbapikapabbf,kapa pika
hjxhbapikapabeb,kapa pika
hjxhbapikapabv,kapa pika
hjxhbapikapajab,kapa pika
hjxhbapikapajf,kapa pika
hjxhbapikapaub,kapa pika
hjxhbapikapfbab,pika
hjxhbapikapfbf,pika
hjxhbapikapfeb,pika
hjxhbapikapfv,pika
hjxhbapikapzab,pika
hjxhbapikapzf,pika
hjxhbapiwpabbab,abba
hjxhbapiwpabbf
hjxhbapiwpabeb
hjxhbapiwpabv
hjxhbapiwpajab
hjxhbapiwpajf
hjxhbapiwpaub
hjxhbapiwpfbab
hjxhbapiwpfbf
hjxhbapiwpfeb
hjxhbapiwpfv
hjxhbapiwpzab
hjxhbapiwpzf
hjxhepdabaaapabbab,abba
hjxhepdabaaapabbf
hjxhepdabaaapabeb
hjxhepdabaaapabv
hjxhepdabaaapajab
hjxhepdabaaapajf
hjxhepdabaaapaub
hjxhepdabaaapfbab
hjxhepdabaaapfbf
hjxhepdabaaapfeb
hjxhepdabaaapfv
hjxhepdabaaapzab
hjxhepdabaaapzf
hjxhepdabacpabbab,abac abba
hjxhepdabacpabbf,abac
hjxhepdabacpabeb,abac
hjxhepdabacpabv,abac
hjxhepdabacpajab,abac
hjxhepdabacpajf,abac
hjxhepdabacpaub,abac
hjxhepdabacpfbab,abac
hjxhepdabacpfbf,abac
hjxhepdabacpfeb,abac
hjxhepdabacpfv,abac
hjxhepdabacpzab,abac
hjxhepdabacpzf,abac
hjxhepdabcapabbab,abba
hjxhepdabcapabbf
hjxhepdabcapabeb
hjxhepdabcapabv
hjxhepdabcapajab
hjxhepdabcapajf
hjxhepdabcapaub
hjxhepdabcapfbab
hjxhepdabcapfbf
hjxhepdabcapfeb
hjxhepdabcapfv
hjxhepdabcapzab
hjxhepdabcapzf
hjxhepdabgpabbab,abba
hjxhepdabgpabbf
hjxhepdabgpabeb
hjxhepdabgpabv
hjxhepdabgpajab
hjxhepdabgpajf
hjxhepdabgpaub
hjxhepdabgpfbab
hjxhepdabgpfbf
hjxhepdabgpfeb
hjxhepdabgpfv
hjxhepdabgpzab
hjxhepdabgpzf
hjxhepdaeaapabbab,abba
hjxhepdaeaapabbf
hjxhepdaeaapabeb
hjxhepdaeaapabv
hjxhepdaeaapajab
hjxhepdaeaapajf
hjxhepdaeaapaub
hjxhepdaeaapfbab
hjxhepdaeaapfbf
hjxhepdaeaapfeb
hjxhepdaeaapfv
hjxhepdaeaapzab
hjxhepdaeaapzf
hjxhepdaecpabbab,abba
hjxhepdaecpabbf
hjxhepdaecpabeb
hjxhepdaecpabv
hjxhepdaecpajab
hjxhepdaecpajf
hjxhepdaecpaub
hjxhepdaecpfbab
hjxhepdaecpfbf
hjxhepdaecpfeb
hjxhepdaecpfv
hjxhepdaecpzab
hjxhepdaecpzf
hjxhepdakapabbab,abba kapa
hjxhepdakapabbf,kapa
hjxhepdakapabeb,kapa
hjxhepdakapabv,kapa
hjxhepdakapajab,kapa
hjxhepdakapajf,kapa
hjxhepdakapaub,kapa
hjxhepdakapfbab
hjxhepdakapfbf
hjxhepdakapfeb
hjxhepdakapfv
hjxhepdakapzab
hjxhepdakapzf
hjxhepdawpabbab,abba
hjxhepdawpabbf
hjxhepdawpabeb
hjxhepdawpabv
hjxhepdawpajab
hjxhepdawpajf
hjxhepdawpaub
hjxhepdawpfbab
hjxhepdawpfbf
hjxhepdawpfeb
hjxhepdawpfv
hjxhepdawpzab
hjxhepdawpzf
hjxhepdfaaapabbab,abba
hjxhepdfaaapabbf
hjxhepdfaaapabeb
hjxhepdfaaapabv
hjxhepdfaaapajab
hjxhepdfaaapajf
hjxhepdfaaapaub
hjxhepdfaaapfbab
hjxhepdfaaapfbf
hjxhepdfaaapfeb
hjxhepdfaaapfv
hjxhepdfaaapzab
hjxhepdfaaapzf
hjxhepdfacpabbab,abba
hjxhepdfacpabbf
hjxhepdfacpabeb
hjxhepdfacpabv
hjxhepdfacpajab
hjxhepdfacpajf
hjxhepdfacpaub
hjxhepdfacpfbab
hjxhepdfacpfbf
hjxhepdfacpfeb
hjxhepdfacpfv
hjxhepdfacpzab
hjxhepdfacpzf
hjxhepdfcapabbab,abba
hjxhepdfcapabbf
hjxhepdfcapabeb
hjxhepdfcapabv
hjxhepdfcapajab
hjxhepdfcapajf
hjxhepdfcapaub
hjxhepdfcapfbab
hjxhepdfcapfbf
hjxhepdfcapfeb
hjxhepdfcapfv
hjxhepdfcapzab
hjxhepdfcapzf
hjxhepdfgpabbab,abba
hjxhepdfgpabbf
hjxhepdfgpabeb
hjxhepdfgpabv
hjxhepdfgpajab
hjxhepdfgpajf
hjxhepdfgpaub
hjxhepdfgpfbab
hjxhepdfgpfbf
hjxhepdfgpfeb
hjxhepdfgpfv
hjxhepdfgpzab
hjxhepdfgpzf
hjxhepdmaapabbab,abba
hjxhepdmaapabbf
hjxhepdmaapabeb
hjxhepdmaapabv
hjxhepdmaapajab
hjxhepdmaapajf
hjxhepdmaapaub
hjxhepdmaapfbab
hjxhepdmaapfbf
hjxhepdmaapfeb
hjxhepdmaapfv
hjxhepdmaapzab
hjxhepdmaapzf
hjxhepdmcpabbab,abba
hjxhepdmcpabbf
hjxhepdmcpabeb
hjxhepdmcpabv
hjxhepdmcpajab
hjxhepdmcpajf
hjxhepdmcpaub
hjxhepdmcpfbab
hjxhepdmcpfbf
hjxhepdmcpfeb
hjxhepdmcpfv
hjxhepdmcpzab
hjxhepdmcpzf
hjxhepibaaapabbab,abba
hjxhepibaaapabbf
hjxhepibaaapabeb
hjxhepibaaapabv
hjxhepibaaapajab
hjxhepibaaapajf
hjxhepibaaapaub
hjxhepibaaapfbab
hjxhepibaaapfbf
hjxhepibaaapfeb
hjxhepibaaapfv
hjxhepibaaapzab
hjxhepibaaapzf
hjxhepibacpabbab,abba
hjxhepibacpabbf
hjxhepibacpabeb
hjxhepibacpabv
hjxhepibacpajab
hjxhepibacpajf
hjxhepibacpaub
hjxhepibacpfbab
hjxhepibacpfbf
hjxhepibacpfeb
hjxhepibacpfv
hjxhepibacpzab
hjxhepibacpzf
hjxhepibcapabbab,abba
hjxhepibcapabbf
hjxhepibcapabeb
hjxhepibcapabv
hjxhepibcapajab
hjxhepibcapajf
hjxhepibcapaub
hjxhepibcapfbab
hjxhepibcapfbf
hjxhepibcapfeb
hjxhepibcapfv
hjxhepibcapzab
hjxhepibcapzf
hjxhepibgpabbab,abba
hjxhepibgpabbf
hjxhepibgpabeb
hjxhepibgpabv
hjxhepibgpajab
hjxhepibgpajf
hjxhepibgpaub
hjxhepibgpfbab
hjxhepibgpfbf
hjxhepibgpfeb
hjxhepibgpfv
hjxhepibgpzab
hjxhepibgpzf
hjxhepieaapabbab,abba
hjxhepieaapabbf
hjxhepieaapabeb
hjxhepieaapabv
hjxhepieaapajab
hjxhepieaapajf
hjxhepieaapaub
hjxhepieaapfbab
hjxhepieaapfbf
hjxhepieaapfeb
hjxhepieaapfv
hjxhepieaapzab
hjxhepieaapzf
hjxhepiecpabbab,abba
hjxhepiecpabbf
hjxhepiecpabeb
hjxhepiecpabv
hjxhepiecpajab
hjxhepiecpajf
hjxhepiecpaub
hjxhepiecpfbab
hjxhepiecpfbf
hjxhepiecpfeb
hjxhepiecpfv
hjxhepiecpzab
hjxhepiecpzf
hjxhepikapabbab,abba kapa pika
hjxhepikapabbf,kapa pika
hjxhepikapabeb,kapa pika
hjxhepikapabv,kapa pika
hjxhepikapajab,kapa pika
hjxhepikapajf,kapa pika
hjxhepikapaub,kapa pika
hjxhepikapfbab,pika
hjxhepikapfbf,pika
hjxhepikapfeb,pika
hjxhepikapfv,pika
hjxhepikapzab,pika
hjxhepikapzf,pika
hjxhepiwpabbab,abba
hjxhepiwpabbf
hjxhepiwpabeb
hjxhepiwpabv
hjxhepiwpajab
hjxhepiwpajf
hjxhepiwpaub
hjxhepiwpfbab
hjxhepiwpfbf
hjxhepiwpfeb
hjxhepiwpfv
hjxhepiwpzab
hjxhepiwpzf
huhhbapdabaaapabbab,abba
huhhbapdabaaapabbf
huhhbapdabaaapabeb
huhhbapdabaaapabv
huhhbapdabaaapajab
huhhbapdabaaapajf
huhhbapdabaaapaub
huhhbapdabaaapfbab
huhhbapdabaaapfbf
huhhbapdabaaapfeb
huhhbapdabaaapfv
huhhbapdabaaapzab
huhhbapdabaaapzf
huhhbapdabacpabbab,abac abba
huhhbapdabacpabbf,abac
huhhbapdabacpabeb,abac
huhhbapdabacpabv,abac
huhhbapdabacpajab,abac
huhhbapdabacpajf,abac
huhhbapdabacpaub,abac
huhhbapdabacpfbab,abac
huhhbapdabacpfbf,abac
huhhbapdabacpfeb,abac
huhhbapdabacpfv,abac
huhhbapdabacpzab,abac
huhhbapdabacpzf,abac
huhhbapdabcapabbab,abba
huhhbapdabcapabbf
huhhbapdabcapabeb
huhhbapdabcapabv
huhhbapdabcapajab
huhhbapdabcapajf
huhhbapdabcapaub
huhhbapdabcapfbab
huhhbapdabcapfbf
huhhbapdabcapfeb
huhhbapdabcapfv
huhhbapdabcapzab
huhhbapdabcapzf
huhhbapdabgpabbab,abba
huhhbapdabgpabbf
huhhbapdabgpabeb
huhhbapdabgpabv
huhhbapdabgpajab
huhhbapdabgpajf
huhhbapdabgpaub
huhhbapdabgpfbab
huhhbapdabgpfbf
huhhbapdabgpfeb
huhhbapdabgpfv
huhhbapdabgpzab
huhhbapdabgpzf
huhhbapdaeaapabbab,abba
huhhbapdaeaapabbf
huhhbapdaeaapabeb
huhhbapdaeaapabv
huhhbapdaeaapajab
huhhbapdaeaapajf
huhhbapdaeaapaub
huhhbapdaeaapfbab
huhhbapdaeaapfbf
huhhbapdaeaapfeb
huhhbapdaeaapfv
huhhbapdaeaapzab
huhhbapdaeaapzf
huhhbapdaecpabbab,abba
huhhbapdaecpabbf
huhhbapdaecpabeb
huhhbapdaecpabv
huhhbapdaecpajab
huhhbapdaecpajf
huhhbapdaecpaub
huhhbapdaecpfbab
huhhbapdaecpfbf
huhhbapdaecpfeb
huhhbapdaecpfv
huhhbapdaecpzab
huhhbapdaecpzf
huhhbapdakapabbab,abba kapa
huhhbapdakapabbf,kapa
huhhbapdakapabeb,kapa
huhhbapdakapabv,kapa
huhhbapdakapajab,kapa
huhhbapdakapajf,kapa
huhhbapdakapaub,kapa
huhhbapdakapfbab
huhhbapdakapfbf
huhhbapdakapfeb
huhhbapdakapfv
huhhbapdakapzab
huhhbapdakapzf
huhhbapdawpabbab,abba
huhhbapdawpabbf
huhhbapdawpabeb
huhhbapdawpabv
huhhbapdawpajab
huhhbapdawpajf
huhhbapdawpaub
huhhbapdawpfbab
huhhbapdawpfbf
huhhbapdawpfeb
huhhbapdawpfv
huhhbapdawpzab
huhhbapdawpzf
huhhbapdfaaapabbab,abba
huhhbapdfaaapabbf
huhhbapdfaaapabeb
huhhbapdfaaapabv
huhhbapdfaaapajab
huhhbapdfaaapajf
huhhbapdfaaapaub
huhhbapdfaaapfbab
huhhbapdfaaapfbf
huhhbapdfaaapfeb
huhhbapdfaaapfv
huhhbapdfaaapzab
huhhbapdfaaapzf
huhhbapdfacpabbab,abba
huhhbapdfacpabbf
huhhbapdfacpabeb
huhhbapdfacpabv
huhhbapdfacpajab
huhhbapdfacpajf
huhhbapdfacpaub
huhhbapdfacpfbab
huhhbapdfacpfbf
huhhbapdfacpfeb
huhhbapdfacpfv
huhhbapdfacpzab
huhhbapdfacpzf
huhhbapdfcapabbab,abba
huhhbapdfcapabbf
huhhbapdfcapabeb
huhhbapdfcapabv
huhhbapdfcapajab
huhhbapdfcapajf
huhhbapdfcapaub
huhhbapdfcapfbab
huhhbapdfcapfbf
huhhbapdfcapfeb
huhhbapdfcapfv
huhhbapdfcapzab
huhhbapdfcapzf
huhhbapdfgpabbab,abba
huhhbapdfgpabbf
huhhbapdfgpabeb
huhhbapdfgpabv
huhhbapdfgpajab
huhhbapdfgpajf
huhhbapdfgpaub
huhhbapdfgpfbab
huhhbapdfgpfbf
huhhbapdfgpfeb
huhhbapdfgpfv
huhhbapdfgpzab
huhhbapdfgpzf
huhhbapdmaapabbab,abba
huhhbapdmaapabbf
huhhbapdmaapabeb
huhhbapdmaapabv
huhhbapdmaapajab
huhhbapdmaapajf
huhhbapdmaapaub
huhhbapdmaapfbab
huhhbapdmaapfbf
huhhbapdmaapfeb
huhhbapdmaapfv
huhhbapdmaapzab
huhhbapdmaapzf
huhhbapdmcpabbab,abba
huhhbapdmcpabbf
huhhbapdmcpabeb
huhhbapdmcpabv
huhhbapdmcpajab
huhhbapdmcpajf
huhhbapdmcpaub
huhhbapdmcpfbab
huhhbapdmcpfbf
huhhbapdmcpfeb
huhhbapdmcpfv
huhhbapdmcpzab
huhhbapdmcpzf
huhhbapibaaapabbab,abba
huhhbapibaaapabbf
huhhbapibaaapabeb
huhhbapibaaapabv
huhhbapibaaapajab
huhhbapibaaapajf
huhhbapibaaapaub
huhhbapibaaapfbab
huhhbapibaaapfbf
huhhbapibaaapfeb
huhhbapibaaapfv
huhhbapibaaapzab
huhhbapibaaapzf
huhhbapibacpabbab,abba
huhhbapibacpabbf
huhhbapibacpabeb
huhhbapibacpabv
huhhbapibacpajab
huhhbapibacpajf
huhhbapibacpaub
huhhbapibacpfbab
huhhbapibacpfbf
huhhbapibacpfeb
huhhbapibacpfv
huhhbapibacpzab
huhhbapibacpzf
huhhbapibcapabbab,abba
huhhbapibcapabbf
huhhbapibcapabeb
huhhbapibcapabv
huhhbapibcapajab
huhhbapibcapajf
huhhbapibcapaub
huhhbapibcapfbab
huhhbapibcapfbf
huhhbapibcapfeb
huhhbapibcapfv
huhhbapibcapzab
huhhbapibcapzf
huhhbapibgpabbab,abba
huhhbapibgpabbf
huhhbapibgpabeb
huhhbapibgpabv
huhhbapibgpajab
huhhbapibgpajf
huhhbapibgpaub
huhhbapibgpfbab
huhhbapibgpfbf
huhhbapibgpfeb
huhhbapibgpfv
huhhbapibgpzab
huhhbapibgpzf
huhhbapieaapabbab,abba
huhhbapieaapabbf
huhhbapieaapabeb
huhhbapieaapabv
huhhbapieaapajab
huhhbapieaapajf
huhhbapieaapaub
huhhbapieaapfbab
huhhbapieaapfbf
huhhbapieaapfeb
huhhbapieaapfv
huhhbapieaapzab
huhhbapieaapzf
huhhbapiecpabbab,abba
huhhbapiecpabbf
huhhbapiecpabeb
huhhbapiecpabv
huhhbapiecpajab
huhhbapiecpajf
huhhbapiecpaub
huhhbapiecpfbab
huhhbapiecpfbf
huhhbapiecpfeb
huhhbapiecpfv
huhhbapiecpzab
huhhbapiecpzf
huhhbapikapabbab,abba kapa pika
huhhbapikapabbf,kapa pika
huhhbapikapabeb,kapa pika
huhhbapikapabv,kapa pika
huhhbapikapajab,kapa pika
huhhbapikapajf,kapa pika
huhhbapikapaub,kapa pika
huhhbapikapfbab,pika
huhhbapikapfbf,pika
huhhbapikapfeb,pika
huhhbapikapfv,pika
huhhbapikapzab,pika
huhhbapikapzf,pika
huhhbapiwpabbab,abba
huhhbapiwpabbf
huhhbapiwpabeb
huhhbapiwpabv
huhhbapiwpajab
huhhbapiwpajf
huhhbapiwpaub
huhhbapiwpfbab
huhhbapiwpfbf
huhhbapiwpfeb
huhhbapiwpfv
huhhbapiwpzab
huhhbapiwpzf
huhhepdabaaapabbab,abba
huhhepdabaaapabbf
huhhepdabaaapabeb
huhhepdabaaapabv
huhhepdabaaapajab
huhhepdabaaapajf
huhhepdabaaapaub
huhhepdabaaapfbab
huhhepdabaaapfbf
huhhepdabaaapfeb
huhhepdabaaapfv
huhhepdabaaapzab
huhhepdabaaapzf
huhhepdabacpabbab,abac abba
huhhepdabacpabbf,abac
huhhepdabacpabeb,abac
huhhepdabacpabv,abac
huhhepdabacpajab,abac
huhhepdabacpajf,abac
huhhepdabacpaub,abac
huhhepdabacpfbab,abac
huhhepdabacpfbf,abac
huhhepdabacpfeb,abac
huhhepdabacpfv,abac
huhhepdabacpzab,abac
huhhepdabacpzf,abac
huhhepdabcapabbab,abba
huhhepdabcapabbf
huhhepdabcapabeb
huhhepdabcapabv
huhhepdabcapajab
huhhepdabcapajf
huhhepdabcapaub
huhhepdabcapfbab
huhhepdabcapfbf
huhhepdabcapfeb
huhhepdabcapfv
huhhepdabcapzab
huhhepdabcapzf
huhhepdabgpabbab,abba
huhhepdabgpabbf
huhhepdabgpabeb
huhhepdabgpabv
huhhepdabgpajab
huhhepdabgpajf
huhhepdabgpaub
huhhepdabgpfbab
huhhepdabgpfbf
huhhepdabgpfeb
huhhepdabgpfv
huhhepdabgpzab
huhhepdabgpzf
huhhepdaeaapabbab,abba
huhhepdaeaapabbf
huhhepdaeaapabeb
huhhepdaeaapabv
huhhepdaeaapajab
huhhepdaeaapajf
huhhepdaeaapaub
huhhepdaeaapfbab
huhhepdaeaapfbf
huhhepdaeaapfeb
huhhepdaeaapfv
huhhepdaeaapzab
huhhepdaeaapzf
huhhepdaecpabbab,abba
huhhepdaecpabbf
huhhepdaecpabeb
huhhepdaecpabv
huhhepdaecpajab
huhhepdaecpajf
huhhepdaecpaub
huhhepdaecpfbab
huhhepdaecpfbf
huhhepdaecpfeb
huhhepdaecpfv
huhhepdaecpzab
huhhepdaecpzf
huhhepdakapabbab,abba kapa
huhhepdakapabbf,kapa
huhhepdakapabeb,kapa
huhhepdakapabv,kapa
huhhepdakapajab,kapa
huhhepdakapajf,kapa
huhhepdakapaub,kapa
huhhepdakapfbab
huhhepdakapfbf
huhhepdakapfeb
huhhepdakapfv
huhhepdakapzab
huhhepdakapzf
huhhepdawpabbab,abba
huhhepdawpabbf
huhhepdawpabeb
huhhepdawpabv
huhhepdawpajab
huhhepdawpajf
huhhepdawpaub
huhhepdawpfbab
huhhepdawpfbf
huhhepdawpfeb
huhhepdawpfv
huhhepdawpzab
huhhepdawpzf
huhhepdfaaapabbab,abba
huhhepdfaaapabbf
huhhepdfaaapabeb
huhhepdfaaapabv
huhhepdfaaapajab
huhhepdfaaapajf
huhhepdfaaapaub
huhhepdfaaapfbab
huhhepdfaaapfbf
huhhepdfaaapfeb
huhhepdfaaapfv
huhhepdfaaapzab
huhhepdfaaapzf
huhhepdfacpabbab,abba
huhhepdfacpabbf
huhhepdfacpabeb
huhhepdfacpabv
huhhepdfacpajab
huhhepdfacpajf
huhhepdfacpaub
huhhepdfacpfbab
huhhepdfacpfbf
huhhepdfacpfeb
huhhepdfacpfv
huhhepdfacpzab
huhhepdfacpzf
huhhepdfcapabbab,abba
huhhepdfcapabbf
huhhepdfcapabeb
huhhepdfcapabv
huhhepdfcapajab
huhhepdfcapajf
huhhepdfcapaub
huhhepdfcapfbab
huhhepdfcapfbf
huhhepdfcapfeb
huhhepdfcapfv
huhhepdfcapzab
huhhepdfcapzf
huhhepdfgpabbab,abba
huhhepdfgpabbf
huhhepdfgpabeb
huhhepdfgpabv
huhhepdfgpajab
huhhepdfgpajf
huhhepdfgpaub
huhhepdfgpfbab
huhhepdfgpfbf
huhhepdfgpfeb
huhhepdfgpfv
huhhepdfgpzab
huhhepdfgpzf
huhhepdmaapabbab,abba
huhhepdmaapabbf
huhhepdmaapabeb
huhhepdmaapabv
huhhepdmaapajab
huhhepdmaapajf
huhhepdmaapaub
huhhepdmaapfbab
huhhepdmaapfbf
huhhepdmaapfeb
huhhepdmaapfv
huhhepdmaapzab
huhhepdmaapzf
huhhepdmcpabbab,abba
huhhepdmcpabbf
huhhepdmcpabeb
huhhepdmcpabv
huhhepdmcpajab
huhhepdmcpajf
huhhepdmcpaub
huhhepdmcpfbab
huhhepdmcpfbf
huhhepdmcpfeb
huhhepdmcpfv
huhhepdmcpzab
huhhepdmcpzf
huhhepibaaapabbab,abba
huhhepibaaapabbf
huhhepibaaapabeb
huhhepibaaapabv
huhhepibaaapajab
huhhepibaaapajf
huhhepibaaapaub
huhhepibaaapfbab
huhhepibaaapfbf
huhhepibaaapfeb
huhhepibaaapfv
huhhepibaaapzab
huhhepibaaapzf
huhhepibacpabbab,abba
huhhepibacpabbf
huhhepibacpabeb
huhhepibacpabv
huhhepibacpajab
huhhepibacpajf
huhhepibacpaub
huhhepibacpfbab
huhhepibacpfbf
huhhepibacpfeb
huhhepibacpfv
huhhepibacpzab
huhhepibacpzf
huhhepibcapabbab,abba
huhhepibcapabbf
huhhepibcapabeb
huhhepibcapabv
huhhepibcapajab
huhhepibcapajf
huhhepibcapaub
huhhepibcapfbab
huhhepibcapfbf
huhhepibcapfeb
huhhepibcapfv
huhhepibcapzab
huhhepibcapzf
huhhepibgpabbab,abba
huhhepibgpabbf
huhhepibgpabeb
huhhepibgpabv
huhhepibgpajab
huhhepibgpajf
huhhepibgpaub
huhhepibgpfbab
huhhepibgpfbf
huhhepibgpfeb
huhhepibgpfv
huhhepibgpzab
huhhepibgpzf
huhhepieaapabbab,abba
huhhepieaapabbf
huhhepieaapabeb
huhhepieaapabv
huhhepieaapajab
huhhepieaapajf
huhhepieaapaub
huhhepieaapfbab
huhhepieaapfbf
huhhepieaapfeb
huhhepieaapfv
huhhepieaapzab
huhhepieaapzf
huhhepiecpabbab,abba
huhhepiecpabbf
huhhepiecpabeb
huhhepiecpabv
huhhepiecpajab
huhhepiecpajf
huhhepiecpaub
huhhepiecpfbab
huhhepiecpfbf
huhhepiecpfeb
huhhepiecpfv
huhhepiecpzab
huhhepiecpzf
huhhepikapabbab,abba kapa pika
huhhepikapabbf,kapa pika
huhhepikapabeb,kapa pika
huhhepikapabv,kapa pika
huhhepikapajab,kapa pika
huhhepikapajf,kapa pika
huhhepikapaub,kapa pika
huhhepikapfbab,pika
huhhepikapfbf,pika
huhhepikapfeb,pika
huhhepikapfv,pika
huhhepikapzab,pika
huhhepikapzf,pika
huhhepiwpabbab,abba
huhhepiwpabbf
huhhepiwpabeb
huhhepiwpabv
huhhepiwpajab
huhhepiwpajf
huhhepiwpaub
huhhepiwpfbab
huhhepiwpfbf
huhhepiwpfeb
huhhepiwpfv
huhhepiwpzab
huhhepiwpzf
